,number,name,type1,type2,h,a,b,c,d,s,abi1,abi2,abi3,weight,single,double,generation
1,4,ヒトカゲ,ほのお,,39,52,43,60,50,65,もうか,,サンパワー,8.5,0,0,1
2,5,リザード,ほのお,,58,64,58,80,65,80,もうか,,サンパワー,19,0,0,1
3,6,リザードン,ほのお,ひこう,78,84,78,109,85,100,もうか,,サンパワー,90.5,2,3,1
4,23,アーボ,どく,,35,60,44,40,54,55,いかく,だっぴ,きんちょうかん,6.9,0,0,1
5,24,アーボック,どく,,60,95,69,65,79,80,いかく,だっぴ,きんちょうかん,65,1,1,1
6,25,ピカチュウ,でんき,,35,55,40,50,50,90,せいでんき,,ひらいしん,6,0,0,1
7,26_1,ライチュウ,でんき,,60,90,55,90,80,110,せいでんき,,ひらいしん,30,2,2,1
8,26_2,ライチュウ(アローラ),でんき,エスパー,60,85,50,95,85,110,サーフテール,,,21,2,2,7
9,27_1,サンド(通常),じめん,,50,75,85,20,30,40,すながくれ,,すなかき,12,0,0,1
10,27_2,サンド(アローラ),こおり,はがね,50,75,90,10,35,40,ゆきがくれ,,ゆきかき,40,0,0,7
11,28_1,サンドパン(通常),じめん,,75,100,110,45,55,65,すながくれ,,すなかき,29.5,1,1,1
12,28_2,サンドパン(アローラ),こおり,はがね,75,100,120,25,65,65,ゆきがくれ,,ゆきかき,55,1,1,7
13,35,ピッピ,フェアリー,,70,45,48,60,65,35,メロメロボディ,マジックガード,フレンドガード,7.5,2,4,1
14,36,ピクシー,フェアリー,,95,70,73,95,90,60,メロメロボディ,マジックガード,フレンドガード,40,3,2,1
15,37_1,ロコン(通常),ほのお,,38,41,40,50,65,65,もらいび,,ひでり,9.9,0,0,1
16,37_2,ロコン(アローラ),こおり,,38,41,40,50,65,65,ゆきがくれ,,ゆきふらし,9.9,0,0,7
17,38_1,キュウコン(通常),ほのお,,73,76,75,81,100,100,もらいび,,ひでり,19.9,3,3,1
18,38_2,キュウコン(アローラ),こおり,,73,67,75,81,100,109,ゆきがくれ,,ゆきふらし,19.9,4,4,7
19,39,プリン,ノーマル,フェアリー,115,45,20,45,25,20,メロメロボディ,かちき,フレンドガード,5.5,0,0,1
20,40,プクリン,ノーマル,フェアリー,140,70,45,85,50,45,メロメロボディ,かちき,おみとおし,12,1,1,1
21,48,コンパン,むし,どく,60,55,50,40,55,45,ふくがん,いろめがね,にげあし,30,0,0,1
22,49,モルフォン,むし,どく,70,65,60,90,75,90,りんぷん,いろめがね,ミラクルスキン,12.5,1,1,1
23,50_1,ディグダ(通常),じめん,,10,55,25,35,45,95,すながくれ,ありじごく,すなのちから,0.8,0,0,1
24,50_2,ディグダ(アローラ),じめん,はがね,10,55,30,35,45,90,すながくれ,カーリーヘアー,すなのちから,1,0,0,7
25,51_1,ダグトリオ(通常),じめん,,35,100,50,50,70,120,すながくれ,ありじごく,すなのちから,33.3,1,1,1
26,51_2,ダグトリオ(アローラ),じめん,はがね,35,100,60,50,70,110,すながくれ,カーリーヘアー,すなのちから,66.6,1,1,7
27,52_1,ニャース(通常),ノーマル,,40,45,35,40,40,90,ものひろい,テクニシャン,きんちょうかん,4.2,0,0,1
28,52_2,ニャース(アローラ),あく,,40,35,35,50,40,90,ものひろい,テクニシャン,びびり,4.2,0,0,7
29,52_3,ニャース(ガラル),はがね,,50,65,55,40,40,40,ものひろい,かたいツメ,きんちょうかん,7.5,0,0,8
30,53_1,ペルシアン(通常),ノーマル,,65,70,60,65,65,115,じゅうなん,テクニシャン,きんちょうかん,32,1,1,1
31,53_2,ペルシアン(アローラ),あく,,65,60,60,75,65,115,ファーコート,テクニシャン,びびり,33,1,1,7
32,54,コダック,みず,,50,52,48,65,50,55,しめりけ,ノーてんき,すいすい,19.6,0,0,1
33,55,ゴルダック,みず,,80,82,78,95,80,85,しめりけ,ノーてんき,すいすい,76.6,1,1,1
34,56,マンキー,かくとう,,40,80,35,35,45,70,やるき,いかりのつぼ,まけんき,28,0,0,1
35,57,オコリザル,かくとう,,65,105,60,60,70,95,やるき,いかりのつぼ,まけんき,32,0,0,1
36,58_1,ガーディ(通常),ほのお,,55,70,45,70,50,60,いかく,もらいび,せいぎのこころ,19,0,0,1
37,58_2,ガーディ(ヒスイ),ほのお,いわ,60,75,45,65,50,55,いかく,もらいび,いしあたま,22.7,0,0,8.5
38,59_1,ウインディ(通常),ほのお,,90,110,80,100,80,95,いかく,もらいび,せいぎのこころ,155,3,4,1
39,59_2,ウインディ(ヒスイ),ほのお,いわ,95,115,80,95,80,90,いかく,もらいび,いしあたま,168,3,4,8.5
40,60,ニョロモ,みず,,40,50,40,40,40,90,ちょすい,しめりけ,すいすい,12.4,0,0,1
41,61,ニョロゾ,みず,,65,65,65,50,50,90,ちょすい,しめりけ,すいすい,20,0,0,1
42,62,ニョロボン,みず,かくとう,90,95,95,70,90,70,ちょすい,しめりけ,すいすい,54,1,1,1
43,69,マダツボミ,くさ,どく,50,75,35,70,30,40,ようりょくそ,,くいしんぼう,4,0,0,1
44,70,ウツドン,くさ,どく,65,90,50,85,45,55,ようりょくそ,,くいしんぼう,6.4,0,0,1
45,71,ウツボット,くさ,どく,80,105,65,100,70,70,ようりょくそ,,くいしんぼう,15.5,1,1,1
46,74_1,イシツブテ(通常),いわ,じめん,40,80,100,30,30,20,いしあたま,がんじょう,すながくれ,20,0,0,1
47,74_2,イシツブテ(アローラ),いわ,でんき,40,80,100,30,30,20,じりょく,がんじょう,エレキスキン,20.3,0,0,7
48,75_1,ゴローン(通常),いわ,じめん,55,95,115,45,45,35,いしあたま,がんじょう,すながくれ,105,0,0,1
49,75_2,ゴローン(アローラ),いわ,でんき,55,95,115,45,45,35,じりょく,がんじょう,エレキスキン,110,0,0,7
50,76_1,ゴローニャ(通常),いわ,じめん,80,120,130,55,65,45,いしあたま,がんじょう,すながくれ,300,1,1,1
51,76_2,ゴローニャ(アローラ),いわ,でんき,80,120,130,55,65,45,じりょく,がんじょう,エレキスキン,316,1,1,7
52,79_1,ヤドン(通常),みず,エスパー,90,65,65,40,40,15,どんかん,マイペース,さいせいりょく,36,0,0,1
53,79_2,ヤドン(ガラル),エスパー,,90,65,65,40,40,15,くいしんぼう,マイペース,さいせいりょく,36,0,0,8
54,80_1,ヤドラン(通常),みず,エスパー,95,75,110,100,80,30,どんかん,マイペース,さいせいりょく,78.5,2,2,1
55,80_2,ヤドラン(ガラル),どく,エスパー,95,100,95,100,70,30,クイックドロウ,マイペース,さいせいりょく,70.5,2,2,8
56,81,コイル,でんき,はがね,25,35,70,95,55,45,じりょく,がんじょう,アナライズ,6,0,0,1
57,82,レアコイル,でんき,はがね,50,60,95,120,70,70,じりょく,がんじょう,アナライズ,60,0,0,1
58,88_1,ベトベター(通常),どく,,80,80,50,40,50,25,あくしゅう,ねんちゃく,どくしゅ,30,0,0,1
59,88_2,ベトベター(アローラ),どく,あく,80,80,50,40,50,25,どくしゅ,くいしんぼう,かがくのちから,42,0,0,7
60,89_1,ベトベトン(通常),どく,,105,105,75,65,100,50,あくしゅう,ねんちゃく,どくしゅ,30,1,1,1
61,89_2,ベトベトン(アローラ),どく,あく,105,105,75,65,100,50,どくしゅ,くいしんぼう,かがくのちから,52,1,1,7
62,90,シェルダー,みず,,30,65,100,45,25,40,シェルアーマー,スキルリンク,ぼうじん,4,0,0,1
63,91,パルシェン,みず,こおり,50,95,180,85,45,70,シェルアーマー,スキルリンク,ぼうじん,132.5,2,2,1
64,92,ゴース,ゴースト,どく,30,35,30,100,35,80,ふゆう,,,0.1,0,0,1
65,93,ゴースト,ゴースト,どく,45,50,45,115,55,95,ふゆう,,,0.1,0,0,1
66,94,ゲンガー,ゴースト,どく,60,65,60,130,75,110,のろわれボディ,,,40.5,3,2,1
67,96,スリープ,エスパー,,60,48,45,43,90,42,ふみん,よちむ,せいしんりょく,32.4,0,0,1
68,97,スリーパー,エスパー,,85,73,70,73,115,67,ふみん,よちむ,せいしんりょく,75.6,1,1,1
69,100_1,ビリリダマ(通常),でんき,,40,30,50,55,55,100,ぼうおん,せいでんき,ゆうばく,10.4,0,0,1
70,100_2,ビリリダマ(ヒスイ),でんき,くさ,40,30,50,55,55,100,ぼうおん,せいでんき,ゆうばく,13,0,0,8.5
71,101_1,マルマイン(通常),でんき,,60,50,70,80,80,150,ぼうおん,せいでんき,ゆうばく,66.6,1,1,1
72,101_2,マルマイン(ヒスイ),でんき,くさ,60,50,70,80,80,150,ぼうおん,せいでんき,ゆうばく,71,1,1,8.5
73,109,ドガース,どく,,40,65,95,60,45,35,ふゆう,かがくへんかガス,あくしゅう,1,0,0,1
74,110_1,マタドガス(通常),どく,,65,90,120,85,70,60,ふゆう,かがくへんかガス,あくしゅう,9.5,2,3,1
75,110_2,マタドガス(ガラル),どく,フェアリー,65,90,120,85,70,60,ふゆう,かがくへんかガス,ミストメイカー,16,3,3,8
76,113,ラッキー,ノーマル,,250,5,5,35,105,50,しぜんかいふく,てんのめぐみ,いやしのこころ,34.6,3,2,1
77,123,ストライク,むし,ひこう,70,110,80,55,80,105,むしのしらせ,テクニシャン,ふくつのこころ,56,1,1,1
78,128_1,ケンタロス(通常),ノーマル,,75,100,95,40,70,110,いかく,いかりのつぼ,ちからずく,88.4,1,1,1
79,128_2,ケンタロス(パルデア),かくとう,,75,110,105,30,70,100,いかく,いかりのつぼ,はんすう,115,1,1,9
80,128_3,ケンタロス(パルデア炎),かくとう,ほのお,75,110,105,30,70,100,いかく,いかりのつぼ,ちからずく,85,3,2,9
81,128_4,ケンタロス(パルデア水),かくとう,みず,75,110,105,30,70,100,いかく,いかりのつぼ,ちからずく,110,1,1,9
82,129,コイキング,みず,,20,10,55,15,20,80,すいすい,,びびり,10,0,0,1
83,130,ギャラドス,みず,ひこう,95,125,79,60,100,81,いかく,,じしんかじょう,235,3,4,1
84,132,メタモン,ノーマル,,48,48,48,48,48,48,じゅうなん,,かわりもの,4,1,1,1
85,133,イーブイ,ノーマル,,55,55,50,45,65,55,にげあし,てきおうりょく,きけんよち,6.5,0,0,1
86,134,シャワーズ,みず,,130,65,60,110,95,65,ちょすい,,うるおいボディ,29,2,2,1
87,135,サンダース,でんき,,65,65,60,110,95,130,ちくでん,,はやあし,24.5,1,1,1
88,136,ブースター,ほのお,,65,130,60,95,110,65,もらいび,,こんじょう,25,1,1,1
89,143,カビゴン,ノーマル,,160,110,65,65,110,30,めんえき,あついしぼう,くいしんぼう,460,4,3,1
90,144_1,フリーザー(通常),こおり,ひこう,90,85,100,95,125,85,プレッシャー,,ゆきがくれ,55.4,2,3,1
91,144_2,フリーザー(ガラル),エスパー,ひこう,90,85,85,125,100,95,かちき,,,50.9,2,2,8
92,145_1,サンダー(通常),でんき,ひこう,90,90,85,125,90,100,プレッシャー,,せいでんき,52.6,4,3,1
93,145_2,サンダー(ガラル),かくとう,ひこう,90,125,90,85,90,100,まけんき,,,58.2,2,2,8
94,146_1,ファイヤー(通常),ほのお,ひこう,90,100,90,125,85,90,プレッシャー,,ほのおのからだ,60,2,2,1
95,146_2,ファイヤー(ガラル),あく,ひこう,90,85,90,100,125,90,ぎゃくじょう,,,66,2,4,8
96,147,ミニリュウ,ドラゴン,,41,64,45,50,50,50,だっぴ,,ふしぎなうろこ,3.3,0,0,1
97,148,ハクリュー,ドラゴン,,61,84,65,70,70,70,だっぴ,,ふしぎなうろこ,16.5,0,0,1
98,149,カイリュー,ドラゴン,ひこう,91,134,95,100,100,80,せいしんりょく,,マルチスケイル,210,4,4,1
99,150,ミュウツー,エスパー,,106,110,90,154,90,130,プレッシャー,,きんちょうかん,122,0,0,1
100,151,ミュウ,エスパー,,100,100,100,100,100,100,シンクロ,,,4,0,0,1
101,155,ヒノアラシ,ほのお,,39,52,43,60,50,65,もうか,,もらいび,7.9,0,0,2
102,156,マグマラシ,ほのお,,58,64,58,80,65,80,もうか,,もらいび,19,0,0,2
103,157_1,バクフーン(通常),ほのお,,78,84,78,109,85,100,もうか,,もらいび,79.5,2,2,2
104,157_2,バクフーン(ヒスイ),ほのお,ゴースト,73,84,78,119,85,95,もうか,,おみとおし,69.8,2,3,8
105,161,オタチ,ノーマル,,35,46,34,35,45,20,にげあし,するどいめ,おみとおし,6,0,0,2
106,162,オオタチ,ノーマル,,85,76,64,45,55,90,にげあし,するどいめ,おみとおし,32.5,1,1,2
107,163,ホーホー,ノーマル,ひこう,60,30,30,36,56,50,ふみん,するどいめ,いろめがね,21.2,0,0,2
108,164,ヨルノズク,ノーマル,ひこう,100,50,50,86,96,70,ふみん,するどいめ,いろめがね,40.8,1,1,2
109,167,イトマル,むし,どく,40,60,40,40,40,30,むしのしらせ,ふみん,スナイパー,8.5,0,0,2
110,168,アリアドス,むし,どく,70,90,70,60,70,40,むしのしらせ,ふみん,スナイパー,33.5,1,1,2
111,172,ピチュー,でんき,,20,40,15,35,35,60,せいでんき,,ひらいしん,2,0,0,2
112,173,ピィ,フェアリー,,50,25,28,45,55,15,メロメロボディ,マジックガード,フレンドガード,3,0,0,2
113,174,ププリン,ノーマル,フェアリー,90,30,15,40,20,15,メロメロボディ,かちき,フレンドガード,1,0,0,2
114,179,メリープ,でんき,,55,40,40,65,45,35,せいでんき,,プラス,7.8,0,0,2
115,180,モココ,でんき,,70,55,55,80,60,45,せいでんき,,プラス,13.3,0,0,2
116,181,デンリュウ,でんき,,90,75,85,115,90,55,せいでんき,,プラス,61.5,1,1,2
117,183,マリル,みず,フェアリー,70,20,50,20,50,40,あついしぼう,ちからもち,そうしょく,8.5,0,0,2
118,184,マリルリ,みず,フェアリー,100,50,80,60,80,50,あついしぼう,ちからもち,そうしょく,28.5,4,2,2
119,185,ウソッキー,いわ,,70,100,115,30,65,30,がんじょう,いしあたま,びびり,38,1,1,2
120,186,ニョロトノ,みず,,90,75,75,90,100,70,ちょすい,しめりけ,あめふらし,33.9,2,4,2
121,187,ハネッコ,くさ,ひこう,35,35,40,35,55,50,ようりょくそ,リーフガード,すりぬけ,0.5,0,0,2
122,188,ポポッコ,くさ,ひこう,55,45,50,45,65,80,ようりょくそ,リーフガード,すりぬけ,1,0,0,2
123,189,ワタッコ,くさ,ひこう,75,55,70,55,95,110,ようりょくそ,リーフガード,すりぬけ,3,2,2,2
124,190,エイパム,のーまる,,55,70,55,40,55,85,にげあし,ものひろい,スキルリンク,11.5,0,0,2
125,191,ヒマナッツ,くさ,,30,30,30,30,30,30,ようりょくそ,サンパワー,はやおき,1.8,0,0,2
126,192,キマワリ,くさ,,75,75,55,105,85,30,ようりょくそ,サンパワー,はやおき,8.5,1,1,2
127,193,ヤンヤンマ,むし,ひこう,65,65,45,75,45,95,かそく,ふくがん,おみとおし,38,0,0,2
128,194_1,ウパー(通常),みず,じめん,55,45,45,25,25,15,しめりけ,ちょすい,てんねん,8.5,0,0,2
129,194_2,ウパー(パルデア),どく,じめん,55,45,45,25,25,15,どくのトゲ,ちょすい,てんねん,11,0,0,9
130,195,ヌオー,みず,じめん,95,85,85,65,65,35,しめりけ,ちょすい,てんねん,75,2,2,2
131,196,エーフィ,エスパー,,65,65,60,130,95,110,シンクロ,,マジックミラー,26.5,2,2,2
132,197,ブラッキー,あく,,95,65,110,60,130,65,シンクロ,,せいしんりょく,27,4,2,2
133,198,ヤミカラス,あく,ひこう,60,85,42,85,42,91,ふみん,きょううん,いたずらごころ,2.1,2,3,2
134,199_1,ヤドキング(通常),みず,エスパー,95,75,80,100,110,30,どんかん,マイペース,さいせいりょく,79.5,1,1,2
135,199_2,ヤドキング(ガラル),どく,エスパー,95,65,80,110,110,30,きみょうなくすり,マイペース,さいせいりょく,79.5,2,2,8
136,200,ムウマ,ゴースト,,60,60,60,85,85,85,ふゆう,,,1,0,0,2
137,203,キリンリキ,ノーマル,エスパー,70,80,65,90,65,85,せいしんりょく,はやおき,そうしょく,41.5,0,0,2
138,204,クヌギダマ,むし,,50,65,90,35,35,15,がんじょう,,ぼうじん,7.2,0,0,2
139,205,フォレトス,むし,はがね,75,90,140,60,60,40,がんじょう,,ぼうじん,125.8,1,1,2
140,206,ノコッチ,ノーマル,,100,70,70,65,65,45,てんのめぐみ,にげあし,びびり,14,0,0,2
141,207,グライガー,じめん,ひこう,65,75,105,35,65,85,かいりきバサミ,すながくれ,めんえき,64.8,0,0,2
142,211_1,ハリーセン(通常),みず,どく,65,95,85,55,55,85,どくのトゲ,すいすい,いかく,3.9,0,0,2
143,211_2,ハリーセン(ヒスイ),あく,どく,65,95,85,55,55,85,どくのトゲ,すいすい,いかく,3.9,0,0,8.5
144,212,ハッサム,むし,はがね,70,130,100,55,80,65,むしのしらせ,テクニシャン,ライトメタル,118,4,4,2
145,214,ヘラクロス,むし,かくとう,80,125,75,40,95,85,むしのしらせ,こんじょう,じしんかじょう,54,1,1,2
146,215_1,ニューラ(通常),あく,こおり,55,95,55,35,75,115,せいしんりょく,するどいめ,わるいてぐせ,28,0,0,2
147,215_2,ニューラ(ヒスイ),かくとう,どく,55,95,55,35,75,115,せいしんりょく,するどいめ,わるいてぐせ,27,0,0,8.5
148,216,ヒメグマ,ノーマル,,60,80,50,50,50,40,ものひろい,はやあし,みつあつめ,8.8,0,0,2
149,217,リングマ,ノーマル,,90,130,75,75,75,55,こんじょう,はやあし,きんちょうかん,125.8,1,1,2
150,218,マグマッグ,ほのお,,40,40,40,70,40,20,マグマのよろい,ほのおのからだ,くだけるよろい,35,0,0,2
151,219,マグカルゴ,ほのお,いわ,60,50,120,90,80,30,マグマのよろい,ほのおのからだ,くだけるよろい,55,1,1,2
152,220,ウリムー,こおり,じめん,50,50,40,30,30,50,どんかん,ゆきがくれ,あついしぼう,6.5,0,0,2
153,221,イノムー,こおり,じめん,100,100,80,60,60,50,どんかん,ゆきがくれ,あついしぼう,55.8,0,0,2
154,225,デリバード,こおり,ひこう,45,55,45,65,45,75,やるき,はりきり,ふみん,16,1,1,2
155,228,デルビル,あく,ほのお,45,60,30,80,50,65,はやおき,もらいび,きんちょうかん,10.8,0,0,2
156,229,ヘルガー,あく,ほのお,75,90,50,110,80,95,はやおき,もらいび,きんちょうかん,35,1,1,2
157,231,ゴマゾウ,じめん,,90,60,60,40,40,40,ものひろい,,すながくれ,33.5,0,0,2
158,232,ドンファン,じめん,,90,120,120,60,60,50,がんじょう,,すながくれ,120,1,1,2
159,234,オドシシ,ノーマル,,73,95,62,85,65,85,いかく,おみとおし,そうしょく,71.2,1,1,2
160,242,ハピナス,ノーマル,,255,10,10,75,135,55,しぜんかいふく,てんのめぐみ,いやしのこころ,46.8,3,2,2
161,246,ヨーギラス,いわ,じめん,50,64,50,45,50,41,こんじょう,,すながくれ,72,0,0,2
162,247,サナギラス,いわ,じめん,70,84,70,65,70,51,だっぴ,,,152,0,0,2
163,248,バンギラス,いわ,あく,100,134,110,95,100,61,すなおこし,,きんちょうかん,202,4,4,2
164,261,ポチエナ,あく,,35,55,35,30,30,35,にげあし,はやあし,びびり,13.6,0,0,3
165,262,グラエナ,あく,,70,90,70,60,60,70,いかく,はやあし,じしんかじょう,37,1,1,3
166,270,ハスボー,みず,くさ,40,30,30,40,50,30,すいすい,あめうけざら,マイペース,2.6,0,0,3
167,271,ハスブレロ,みず,くさ,60,50,50,60,70,50,すいすい,あめうけざら,マイペース,32.5,0,0,3
168,272,ルンパッパ,みず,くさ,80,70,70,90,100,70,すいすい,あめうけざら,マイペース,55,2,3,3
169,273,タネボー,くさ,,40,40,50,30,30,30,ようりょくそ,はやおき,わるいてぐせ,4,0,0,3
170,274,コノハナ,くさ,あく,70,70,40,60,40,60,ようりょくそ,はやおき,わるいてぐせ,28,0,0,3
171,275,ダーテング,くさ,あく,90,100,60,90,60,80,ようりょくそ,かぜのり,わるいてぐせ,59.6,2,3,3
172,278,キャモメ,みず,ひこう,40,30,30,55,30,85,するどいめ,うるおいボディ,あめうけざら,9.5,0,0,3
173,279,ペリッパー,みず,ひこう,60,50,100,95,70,65,するどいめ,あめふらし,あめうけざら,28,3,3,3
174,280,ラルトス,エスパー,フェアリー,28,25,25,45,35,40,シンクロ,トレース,テレパシー,6.6,0,0,3
175,281,キルリア,エスパー,フェアリー,38,35,35,65,55,50,シンクロ,トレース,テレパシー,20.2,0,0,3
176,282,サーナイト,エスパー,フェアリー,68,65,65,125,115,80,シンクロ,トレース,テレパシー,48.4,3,2,3
177,283,アメタマ,むし,みず,40,30,32,50,52,65,すいすい,,あめうけざら,1.7,0,0,3
178,284,アメモース,むし,ひこう,70,60,62,100,82,80,いかく,,きんちょうかん,3.6,1,1,3
179,285,キノココ,くさ,,60,40,60,40,60,35,ほうし,ポイズンヒール,はやあし,4.5,0,0,3
180,286,キノガッサ,くさ,かくとう,60,130,80,60,60,70,ほうし,ポイズンヒール,テクニシャン,39.2,4,2,3
181,287,ナマケロ,ノーマル,,60,60,60,35,35,30,なまけ,,,24,0,0,3
182,288,ヤルキモノ,ノーマル,,80,80,80,55,55,90,やるき,,,46.5,0,0,3
183,289,ケッキング,ノーマル,,150,160,100,95,65,100,なまけ,,,130.5,1,3,3
184,296,マクノシタ,かくとう,,72,60,30,20,30,25,あついしぼう,こんじょう,ちからずく,86.4,0,0,3
185,297,ハリテヤマ,かくとう,,144,120,60,40,60,50,あついしぼう,こんじょう,ちからずく,253.8,1,1,3
186,298,ルリリ,ノーマル,フェアリー,50,20,40,20,40,20,あついしぼう,ちからもち,そうしょく,2,0,0,3
187,299,ノズパス,いわ,,30,45,135,45,90,30,がんじょう,じりょく,すなのちから,97,0,0,3
188,302,ヤミラミ,あく,ゴースト,50,75,75,65,65,50,するどいめ,あとだし,いたずらごころ,11,0,3,3
189,307,アサナン,かくとう,エスパー,30,40,55,40,55,60,ヨガパワー,,テレパシー,11.2,0,0,3
190,308,チャーレム,かくとう,エスパー,60,60,75,60,75,80,ヨガパワー,,テレパシー,31.5,1,1,3
191,313,バルビート,むし,,65,73,75,47,85,85,はっこう,むしのしらせ,いたずらごころ,17.7,2,2,3
192,314,イルミーゼ,むし,,65,47,75,73,85,85,どんかん,いろめがね,いたずらごころ,17.7,2,3,3
193,316,ゴクリン,どく,,70,43,53,43,53,40,ヘドロえき,ねんちゃく,くいしんぼう,10.3,0,0,3
194,317,マルノーム,どく,,100,73,83,73,83,55,ヘドロえき,ねんちゃく,くいしんぼう,80,1,1,3
195,322,ドンメル,ほのお,じめん,60,60,40,65,45,35,どんかん,たんじゅん,マイペース,24,0,0,3
196,323,バクーダ,ほのお,じめん,70,100,70,105,75,40,マグマのよろい,ハードロック,いかりのつぼ,220,1,1,3
197,324,コータス,ほのお,,70,85,140,85,70,20,しろいけむり,ひでり,シェルアーマー,80.4,3,4,3
198,325,バネブー,エスパー,,60,25,35,70,80,60,あついしぼう,マイペース,くいしんぼう,30.6,0,0,3
199,326,ブーピッグ,エスパー,,80,45,65,90,110,80,あついしぼう,マイペース,くいしんぼう,71.5,1,1,3
200,331,サボネア,くさ,,50,85,40,85,40,35,すながくれ,,ちょすい,51.3,0,0,3
201,332,ノクタス,くさ,あく,70,115,60,115,60,55,すながくれ,,ちょすい,77.4,1,1,3
202,333,チルット,ノーマル,ひこう,45,40,60,40,75,50,しぜんかいふく,,ノーてんき,1.2,0,0,3
203,334,チルタリス,ドラゴン,ひこう,75,70,90,70,105,80,しぜんかいふく,,ノーてんき,20.6,1,1,3
204,335,ザングース,ノーマル,,73,115,60,60,60,90,めんえき,,どくぼうそう,40.3,1,1,3
205,336,ハブネーク,どく,,73,100,60,100,60,65,だっぴ,,すりぬけ,52.5,1,1,3
206,339,ドジョッチ,みず,じめん,50,48,43,46,41,60,どんかん,きけんよち,うるおいボディ,1.9,0,0,3
207,340,ナマズン,みず,じめん,110,78,73,76,71,60,どんかん,きけんよち,うるおいボディ,23.6,1,1,3
208,341,ヘイガニ,みず,,43,80,65,50,35,35,かいりきバサミ,シェルアーマー,てきおうりょく,11.5,0,0,3
209,342,シザリガー,みず,あく,63,120,85,90,55,55,かいりきバサミ,シェルアーマー,てきおうりょく,32.8,1,1,3
210,349,ヒンバス,みず,,20,15,20,10,55,80,すいすい,どんかん,てきおうりょく,7.4,0,0,3
211,350,ミロカロス,みず,,95,60,79,100,125,81,ふしぎなうろこ,かちき,メロメロボディ,162,4,4,3
212,353,カゲボウズ,ゴースト,,44,75,35,63,33,45,ふみん,おみとおし,のろわれボディ,2.3,0,0,3
213,354,ジュペッタ,ゴースト,,64,115,65,83,63,65,ふみん,おみとおし,のろわれボディ,12.5,1,1,3
214,355,ヨマワル,ゴースト,,20,40,90,30,90,25,ふゆう,,おみとおし,15,0,0,3
215,356,サマヨール,ゴースト,,40,70,130,60,130,25,プレッシャー,,おみとおし,30.6,1,4,3
216,357,トロピウス,くさ,ひこう,99,68,83,72,87,51,ようりょくそ,サンパワー,しゅうかく,100,1,1,3
217,358,チリーン,エスパー,,75,50,80,95,90,65,ふゆう,,,1,1,1,3
218,361,ユキワラシ,こおり,,50,50,50,50,50,50,せいしんりょく,アイスボディ,ムラっけ,16.8,0,0,3
219,362,オニゴーリ,こおり,,80,80,80,80,80,80,せいしんりょく,アイスボディ,ムラっけ,256.5,1,1,3
220,370,ラブカス,みず,,43,30,55,40,65,97,すいすい,,うるおいボディ,8.7,0,0,3
221,371,タツベイ,ドラゴン,,45,75,60,40,30,50,いしあたま,,ちからずく,42.1,0,0,3
222,372,コモルー,ドラゴン,,65,95,100,60,50,50,いしあたま,,ぼうじん,110.5,0,0,3
223,373,ボーマンダ,ドラゴン,ひこう,95,135,80,110,80,100,いかく,,じしんかじょう,102.6,3,3,3
224,382,カイオーガ,みず,,100,100,90,150,140,90,あめふらし,,,352,0,0,3
225,383,グラードン,じめん,,100,150,140,100,90,90,ひでり,,,950,0,0,3
226,384,レックウザ,ドラゴン,ひこう,105,150,90,150,90,95,エアロック,,,206.5,0,0,3
227,385,ジラーチ,はがね,エスパー,100,100,100,100,100,100,てんのめぐみ,,,1.1,0,0,3
228,387,ナエトル,くさ,,55,68,64,45,55,31,しんりょく,,シェルアーマー,10.2,0,0,4
229,388,ハヤシガメ,くさ,,75,89,85,55,65,36,しんりょく,,シェルアーマー,97,0,0,4
230,389,ドダイトス,くさ,じめん,95,109,105,75,85,56,しんりょく,,シェルアーマー,310,3,2,4
231,390,ヒコザル,ほのお,,44,58,44,58,44,61,もうか,,てつのこぶし,6.2,0,0,4
232,391,モウカザル,ほのお,かくとう,64,78,52,78,52,81,もうか,,てつのこぶし,22,0,0,4
233,392,ゴウカザル,ほのお,かくとう,76,104,71,104,71,108,もうか,,てつのこぶし,55,3,3,4
234,393,ポッチャマ,みず,,53,51,53,61,56,40,げきりゅう,,かちき,5.2,0,0,4
235,394,ポッタイシ,みず,,64,66,68,81,76,50,げきりゅう,,かちき,23,0,0,4
236,395,エンペルト,みず,はがね,84,86,88,111,101,60,げきりゅう,,かちき,84.5,4,4,4
237,396,ムックル,ノーマル,ひこう,40,55,30,30,30,60,するどいめ,,すてみ,2,0,0,4
238,397,ムクバード,ノーマル,ひこう,55,75,50,40,40,80,いかく,,すてみ,15.5,0,0,4
239,398,ムクホーク,ノーマル,ひこう,85,120,70,50,60,100,いかく,,すてみ,24.9,2,2,4
240,401,コロボーシ,むし,,37,25,41,25,41,25,だっぴ,,にげあし,2.2,0,0,4
241,402,コロトック,むし,,77,85,51,55,51,65,むしのしらせ,,テクニシャン,25.5,1,1,4
242,403,コリンク,でんき,,45,65,34,40,34,45,とうそうしん,いかく,こんじょう,9.5,0,0,4
243,404,ルクシオ,でんき,,60,85,49,60,49,60,とうそうしん,いかく,こんじょう,30.5,0,0,4
244,405,レントラー,でんき,,80,120,79,95,79,70,とうそうしん,いかく,こんじょう,42,1,1,4
245,415,ミツハニー,むし,ひこう,30,30,42,30,42,70,みつあつめ,,はりきり,5.5,0,0,4
246,416,ビークイン,むし,ひこう,70,80,102,80,102,40,プレッシャー,,きんちょうかん,38.5,1,1,4
247,417,パチリス,でんき,,60,45,70,45,90,95,にげあし,ものひろい,ちくでん,3.9,2,2,4
248,418,ブイゼル,みず,,55,65,35,60,30,85,すいすい,,みずのベール,29.5,0,0,4
249,419,フローゼル,みず,,85,105,55,85,50,115,すいすい,,みずのベール,33.5,1,1,4
250,422_1,カラナクシ(にしのうみ),みず,,76,48,48,57,62,34,ねんちゃく,よびみず,すなのちから,6.3,0,0,4
251,422_2,カラナクシ(ひがしのうみ),みず,,76,48,48,57,62,34,ねんちゃく,よびみず,すなのちから,6.3,0,0,4
252,423_1,トリトドン(にしのうみ),みず,じめん,111,83,68,92,82,39,ねんちゃく,よびみず,すなのちから,29.9,2,3,4
253,423_2,トリトドン(ひがしのうみ),みず,じめん,111,83,68,92,82,39,ねんちゃく,よびみず,すなのちから,29.9,2,3,4
254,424,エテボース,ノーマル,,75,100,66,60,66,115,テクニシャン,ものひろい,スキルリンク,20.3,1,1,4
255,425,フワンテ,ゴースト,ひこう,90,50,34,60,44,70,ゆうばく,かるわざ,ねつぼうそう,1.2,0,0,4
256,426,フワライド,ゴースト,ひこう,150,80,44,90,54,80,ゆうばく,かるわざ,ねつぼうそう,15,1,1,4
257,429,ムウマージ,ゴースト,,60,60,60,105,105,105,ふゆう,,,4.4,1,1,4
258,430,ドンカラス,あく,ひこう,100,125,52,105,52,71,ふみん,きょううん,じしんかじょう,27.3,1,1,4
259,433,リーシャン,エスパー,,45,30,50,65,50,45,ふゆう,,,0.6,0,0,4
260,434,スカンプー,どく,あく,63,63,47,41,41,74,あくしゅう,ゆうばく,するどいめ,19.2,0,0,4
261,435,スカタンク,どく,あく,103,93,67,71,61,84,あくしゅう,ゆうばく,するどいめ,38,1,1,4
262,436,ドーミラー,はがね,エスパー,57,24,86,24,86,23,ふゆう,たいねつ,ヘヴィメタル,60.5,0,0,4
263,437,ドータクン,はがね,エスパー,67,89,116,79,116,33,ふゆう,たいねつ,ヘヴィメタル,187,2,2,4
264,438,ウソハチ,いわ,,50,80,95,10,45,10,がんじょう,いしあたま,びびり,15,0,0,4
265,440,ピンプク,ノーマル,,100,5,5,15,65,30,しぜんかいふく,てんのめぐみ,フレンドガード,24.4,0,0,4
266,442,ミカルゲ,ゴースト,あく,50,92,108,92,108,35,プレッシャー,,すりぬけ,108,2,2,4
267,443,フカマル,ドラゴン,じめん,58,70,45,40,45,42,すながくれ,,さめはだ,20.5,0,0,4
268,444,ガバイト,ドラゴン,じめん,68,90,65,50,55,82,すながくれ,,さめはだ,56,0,0,4
269,445,ガブリアス,ドラゴン,じめん,108,130,95,80,85,102,すながくれ,,さめはだ,95,4,3,4
270,446,ゴンベ,ノーマル,,135,85,40,40,85,5,ものひろい,あついしぼう,くいしんぼう,105,0,0,4
271,447,リオル,かくとう,,40,70,40,35,40,60,ふくつのこころ,せいしんりょく,いたずらごころ,20.2,0,0,4
272,448,ルカリオ,かくとう,はがね,70,110,70,115,70,90,ふくつのこころ,せいしんりょく,せいぎのこころ,54,3,2,4
273,449,ヒポポタス,じめん,,68,72,78,38,42,32,すなおこし,,すなのちから,49.5,0,0,4
274,450,カバルドン,じめん,,108,112,118,68,72,47,すなおこし,,すなのちから,300,3,2,4
275,453,グレッグル,どく,かくとう,48,61,40,61,40,50,きけんよち,かんそうはだ,どくしゅ,23,0,0,4
276,454,ドクロッグ,どく,かくとう,83,106,65,86,65,85,きけんよち,かんそうはだ,どくしゅ,44.4,2,2,4
277,456,ケイコウオ,みず,,49,49,56,49,61,66,すいすい,よびみず,みずのベール,7,0,0,4
278,457,ネオラント,みず,,69,69,76,69,86,91,すいすい,よびみず,みずのベール,24,1,1,4
279,459,ユキカブリ,くさ,こおり,60,62,50,62,60,40,ゆきふらし,,ぼうおん,50.5,0,0,4
280,460,ユキノオー,くさ,こおり,90,92,75,92,85,60,ゆきふらし,,ぼうおん,135.5,2,3,4
281,461,マニューラ,あく,こおり,70,120,65,45,85,125,プレッシャー,,わるいてぐせ,34,1,1,4
282,462,ジバコイル,でんき,はがね,70,70,115,130,90,60,じりょく,がんじょう,アナライズ,180,4,2,4
283,469,メガヤンマ,むし,ひこう,86,76,86,116,56,95,かそく,いろめがね,おみとおし,51.5,3,2,4
284,470,リーフィア,くさ,,65,110,130,60,65,95,リーフガード,,ようりょくそ,25.5,1,1,4
285,471,グレイシア,こおり,,65,60,110,130,95,65,ゆきがくれ,,アイスボディ,25.9,1,1,4
286,472,グライオン,じめん,ひこう,75,95,125,45,75,95,かいりきバサミ,すながくれ,ポイズンヒール,42.5,4,2,4
287,473,マンムー,こおり,じめん,110,130,80,70,60,80,どんかん,ゆきがくれ,あついしぼう,291,3,3,4
288,475,エルレイド,エスパー,かくとう,68,125,65,65,115,80,ふくつのこころ,きれあじ,せいぎのこころ,52,2,2,4
289,476,ダイノーズ,いわ,はがね,60,55,145,75,150,40,がんじょう,じりょく,すなのちから,340,2,2,4
290,477,ヨノワール,ゴースト,,45,100,135,65,135,45,プレッシャー,,おみとおし,106.6,2,2,4
291,478,ユキメノコ,こおり,ゴースト,70,80,70,80,70,110,ゆきがくれ,,のろわれボディ,26.6,1,1,4
292,479_1,ロトム(基本),でんき,ゴースト,50,50,77,95,77,91,ふゆう,,,0.3,0,0,4
293,479_2,ロトム(ヒート),でんき,ほのお,50,65,107,105,107,86,ふゆう,,,0.3,3,2,4
294,479_3,ロトム(ウォッシュ),でんき,みず,50,65,107,105,107,86,ふゆう,,,0.3,4,2,4
295,479_4,ロトム(フロスト),でんき,こおり,50,65,107,105,107,86,ふゆう,,,0.3,1,1,4
296,479_5,ロトム(スピン),でんき,ひこう,50,65,107,105,107,86,ふゆう,,,0.3,1,1,4
297,479_6,ロトム(カット),でんき,くさ,50,65,107,105,107,86,ふゆう,,,0.3,1,1,4
298,480,ユクシー,エスパー,,75,75,130,75,130,95,ふゆう,,,0.3,2,2,4
299,481,エムリット,エスパー,,80,105,105,105,105,80,ふゆう,,,0.3,2,2,4
300,482,アグノム,エスパー,,75,125,70,125,70,115,ふゆう,,,0.3,2,2,4
301,483_1,ディアルガ(通常),はがね,ドラゴン,100,120,120,150,100,90,プレッシャー,,テレパシー,683,0,0,4
302,483_2,ディアルガ(オリジン),はがね,ドラゴン,100,100,120,150,120,90,プレッシャー,,テレパシー,850,0,0,8.5
303,484_1,パルキア(通常),みず,ドラゴン,90,120,100,150,120,100,プレッシャー,,テレパシー,336,0,0,4
304,484_2,パルキア(オリジン),みず,ドラゴン,90,100,100,150,120,120,プレッシャー,,テレパシー,660,0,0,8.5
305,485,ヒードラン,ほのお,はがね,91,90,106,130,106,77,もらいび,,ほのおのからだ,430,4,4,4
306,487_1,ギラティナ(アナザー),ゴースト,ドラゴン,150,100,120,100,120,90,プレッシャー,,テレパシー,750,0,0,4
307,487_2,ギラティナ(オリジン),ゴースト,ドラゴン,150,120,100,120,100,90,ふゆう,,,650,0,0,4
308,488,クレセリア,エスパー,,120,70,110,75,120,85,ふゆう,,,85.6,4,4,4
309,489,フィオネ,みず,,80,80,80,80,80,80,うるおいボディ,,,3.1,0,0,4
310,490,マナフィ,みず,,100,100,100,100,100,100,うるおいボディ,,,1.4,0,0,4
311,491,ダークライ,あく,,70,90,90,135,90,125,ナイトメア,,,50.5,0,0,4
312,492_1,シェイミ(ランド),くさ,,100,100,100,100,100,100,しぜんかいふく,,,2.1,0,0,4
313,492_2,シェイミ(スカイ),くさ,ひこう,100,103,75,120,75,127,てんのめぐみ,,,5.2,0,0,4
314,493,アルセウス,ノーマル,,120,120,120,120,120,120,マルチタイプ,,,320,0,0,4
315,501,ミジュマル,みず,,55,55,45,63,45,45,げきりゅう,,シェルアーマー,5.9,0,0,5
316,502,フタチマル,みず,,75,75,60,83,60,60,げきりゅう,,シェルアーマー,24.5,0,0,5
317,503_1,ダイケンキ(通常),みず,,95,100,85,108,70,70,げきりゅう,,シェルアーマー,94.6,2,2,5
318,503_2,ダイケンキ(ヒスイ),みず,あく,90,108,80,100,65,85,げきりゅう,,きれあじ,58.2,2,2,8.5
319,532,ドッコラー,かくとう,,75,80,55,25,35,35,こんじょう,ちからずく,てつのこぶし,12.5,0,0,5
320,533,ドテッコツ,かくとう,,85,105,85,40,50,40,こんじょう,ちからずく,てつのこぶし,40,0,0,5
321,534,ローブシン,かくとう,,105,140,95,55,65,45,こんじょう,ちからずく,てつのこぶし,87,3,3,5
322,540,クルミル,むし,くさ,45,53,70,40,60,42,むしのしらせ,ようりょくそ,ぼうじん,2.5,0,0,5
323,541,クルマユ,むし,くさ,55,63,90,50,80,42,むしのしらせ,ようりょくそ,ぼうじん,7.3,0,0,5
324,542,ハハコモリ,むし,くさ,75,103,80,70,80,92,むしのしらせ,ようりょくそ,ぼうじん,20.5,1,1,5
325,548,チュリネ,くさ,,45,35,50,70,50,30,ようりょくそ,マイペース,リーフガード,6.6,0,0,5
326,549_1,ドレディア(通常),くさ,,70,60,75,110,75,90,ようりょくそ,マイペース,リーフガード,16.3,1,1,5
327,549_2,ドレディア(ヒスイ),くさ,かくとう,70,105,75,50,75,105,ようりょくそ,はりきり,リーフガード,19.2,2,3,8.5
328,550_1,バスラオ(あかすじ),みず,,70,92,65,80,55,98,すてみ,てきおうりょく,かたやぶり,18,0,0,5
329,550_2,バスラオ(あおすじ),みず,,70,92,65,80,55,98,すてみ,てきおうりょく,かたやぶり,18,0,0,5
330,550_3,バスラオ(しろすじ),みず,,70,92,65,80,55,98,びびり,てきおうりょく,かたやぶり,18,0,0,8.5
331,551,メグロコ,じめん,あく,50,72,35,35,35,65,いかく,じしんかじょう,いかりのつぼ,15.2,0,0,5
332,552,ワルビル,じめん,あく,60,82,45,45,45,74,いかく,じしんかじょう,いかりのつぼ,33.4,0,0,5
333,553,ワルビアル,じめん,あく,95,117,80,65,70,92,いかく,じしんかじょう,いかりのつぼ,96.3,1,1,5
334,570_1,ゾロア(通常),あく,,40,65,40,80,40,65,イリュージョン,,,12.5,0,0,5
335,570_2,ゾロア(ヒスイ),ノーマル,ゴースト,35,60,40,85,40,70,イリュージョン,,,12.5,0,0,8.5
336,571_1,ゾロアーク(通常),あく,,60,105,60,120,60,105,イリュージョン,,,81.1,1,1,5
337,571_2,ゾロアーク(ヒスイ),ノーマル,ゴースト,55,100,60,125,60,110,イリュージョン,,,73,3,3,8.5
338,574,ゴチム,エスパー,,45,30,50,55,65,45,おみとおし,かちき,かげふみ,5.8,0,0,5
339,575,ゴチミル,エスパー,,60,45,70,75,85,55,おみとおし,かちき,かげふみ,18,0,0,5
340,576,ゴチルゼル,エスパー,,70,55,95,95,110,65,おみとおし,かちき,かげふみ,44,2,3,5
341,580,コアルヒー,みず,ひこう,62,44,50,44,50,55,するどいめ,はとむね,うるおいボディ,5.5,0,0,5
342,581,スワンナ,みず,ひこう,75,87,63,87,63,98,するどいめ,はとむね,うるおいボディ,24.2,1,1,5
343,585_1,シキジカ(はる),ノーマル,くさ,60,60,50,40,50,75,ようりょくそ,そうしょく,てんのめぐみ,19.5,0,0,5
344,585_2,シキジカ(なつ),ノーマル,くさ,60,60,50,40,50,75,ようりょくそ,そうしょく,てんのめぐみ,19.5,0,0,5
345,585_3,シキジカ(あき),ノーマル,くさ,60,60,50,40,50,75,ようりょくそ,そうしょく,てんのめぐみ,19.5,0,0,5
346,585_4,シキジカ(ふゆ),ノーマル,くさ,60,60,50,40,50,75,ようりょくそ,そうしょく,てんのめぐみ,19.5,0,0,5
347,586_1,メブキジカ(はる),ノーマル,くさ,80,100,70,60,70,95,ようりょくそ,そうしょく,てんのめぐみ,92.5,1,1,5
348,586_2,メブキジカ(なつ),ノーマル,くさ,80,100,70,60,70,95,ようりょくそ,そうしょく,てんのめぐみ,92.5,1,1,5
349,586_3,メブキジカ(あき),ノーマル,くさ,80,100,70,60,70,95,ようりょくそ,そうしょく,てんのめぐみ,92.5,1,1,5
350,586_4,メブキジカ(ふゆ),ノーマル,くさ,80,100,70,60,70,95,ようりょくそ,そうしょく,てんのめぐみ,92.5,1,1,5
351,590,タマゲタケ,くさ,どく,69,55,45,55,55,15,ほうし,,さいせいりょく,1,0,0,5
352,591,モロバレル,くさ,どく,114,85,70,85,80,30,ほうし,,さいせいりょく,10.5,3,4,5
353,594,ママンボウ,みず,,165,75,80,40,45,65,いやしのこころ,うるおいボディ,さいせいりょく,31.6,3,2,5
354,602,シビシラス,でんき,,35,55,40,45,40,60,ふゆう,,,0.3,0,0,5
355,603,シビビール,でんき,,65,85,70,75,70,40,ふゆう,,,22,0,0,5
356,604,シビルドン,でんき,,85,115,80,105,80,50,ふゆう,,,80.5,2,2,5
357,607,ヒトモシ,ゴースト,ほのお,50,30,55,65,55,20,もらいび,ほのおのからだ,すりぬけ,3.1,0,0,5
358,608,ランプラー,ゴースト,ほのお,60,40,60,95,60,55,もらいび,ほのおのからだ,すりぬけ,13,0,0,5
359,609,シャンデラ,ゴースト,ほのお,60,55,90,145,90,80,もらいび,ほのおのからだ,すりぬけ,34.3,3,3,5
360,610,キバゴ,ドラゴン,,46,87,60,30,40,57,とうそうしん,かたやぶり,きんちょうかん,18,0,0,5
361,611,オノンド,ドラゴン,,66,117,70,40,50,67,とうそうしん,かたやぶり,きんちょうかん,36,0,0,5
362,612,オノノクス,ドラゴン,,76,147,90,60,70,97,とうそうしん,かたやぶり,きんちょうかん,105.5,2,2,5
363,613,クマシュン,こおり,,55,70,40,60,40,40,ゆきがくれ,ゆきかき,びびり,8.5,0,0,5
364,614,ツンベアー,こおり,,95,130,80,70,80,50,ゆきがくれ,ゆきかき,すいすい,260,1,1,5
365,615,フリージオ,こおり,,80,50,50,95,135,105,ふゆう,,,148,1,1,5
366,619,コジョフー,かくとう,,45,85,50,55,50,65,せいしんりょく,さいせいりょく,すてみ,20,0,0,5
367,620,コジョンド,かくとう,,65,125,60,95,60,105,せいしんりょく,さいせいりょく,すてみ,35.5,2,2,5
368,624,コマタナ,あく,はがね,45,85,70,40,40,60,まけんき,せいしんりょく,プレッシャー,10.2,0,0,5
369,625,キリキザン,あく,はがね,65,125,100,60,70,70,まけんき,せいしんりょく,プレッシャー,70,0,0,5
370,627,ワシボン,ノーマル,ひこう,70,83,50,37,50,60,するどいめ,ちからずく,はりきり,10.5,0,0,5
371,628_1,ウォーグル(通常),ノーマル,ひこう,100,123,75,57,75,80,するどいめ,ちからずく,まけんき,41,2,2,5
372,628_2,ウォーグル(ヒスイ),エスパー,ひこう,110,83,70,112,70,65,するどいめ,ちからずく,いろめがね,43.4,2,2,8.5
373,629,バルチャイ,あく,ひこう,70,55,75,45,65,60,はとむね,ぼうじん,くだけるよろい,9,0,0,5
374,630,バルジーナ,あく,ひこう,110,65,105,55,95,80,はとむね,ぼうじん,くだけるよろい,39.5,2,2,5
375,633,モノズ,あく,ドラゴン,52,65,50,45,50,38,はりきり,,,17.3,0,0,5
376,634,ジヘッド,あく,ドラゴン,72,85,70,65,70,58,はりきり,,,50,0,0,5
377,635,サザンドラ,あく,ドラゴン,92,105,90,125,90,98,ふゆう,,,160,3,2,5
378,636,メラルバ,むし,ほのお,55,85,55,50,55,60,ほのおのからだ,,むしのしらせ,28.8,0,0,5
379,637,ウルガモス,むし,ほのお,85,60,65,135,105,100,ほのおのからだ,,むしのしらせ,46,3,4,5
380,641_1,トルネロス(けしん),ひこう,,79,115,70,125,80,111,いたずらごころ,,まけんき,63,2,4,5
381,641_2,トルネロス(れいじゅう),ひこう,,79,100,80,110,90,121,さいせいりょく,,,63,2,2,5
382,642_1,ボルトロス(けしん),でんき,ひこう,79,115,70,125,80,111,いたずらごころ,,まけんき,61,2,3,5
383,642_2,ボルトロス(れいじゅう),でんき,ひこう,79,105,70,145,80,101,ちくでん,,,61,3,2,5
384,645_1,ランドロス(けしん),じめん,ひこう,89,125,90,115,80,101,すなのちから,,ちからずく,68,3,3,5
385,645_2,ランドロス(れいじゅう),じめん,ひこう,89,145,90,105,80,91,いかく,,,68,4,4,5
386,648_1,メロエッタ(ボイス),ノーマル,エスパー,100,77,77,128,128,90,てんのめぐみ,,,6.5,0,0,5
387,648_2,メロエッタ(ステップ),ノーマル,かくとう,100,128,90,77,77,128,てんのめぐみ,,,6.5,0,0,5
388,650,ハリマロン,くさ,,56,61,65,48,45,38,しんりょく,,ぼうだん,9,0,0,6
389,651,ハリボーグ,くさ,,61,78,95,56,58,57,しんりょく,,ぼうだん,29,0,0,6
390,652,ブリガロン,くさ,かくとう,88,107,122,74,75,64,しんりょく,,ぼうだん,90,2,2,6
391,653,フォッコ,ほのお,,40,45,40,62,60,60,もうか,,マジシャン,9.4,0,0,6
392,654,テールナー,ほのお,,59,59,58,90,70,73,もうか,,マジシャン,14.5,0,0,6
393,655,マフォクシー,ほのお,エスパー,75,69,72,114,100,104,もうか,,マジシャン,39,2,2,6
394,656,ケロマツ,みず,,41,56,40,62,44,71,げきりゅう,,へんげんじざい,7,0,0,6
395,657,ゲコガシラ,みず,,54,63,52,83,56,97,げきりゅう,,へんげんじざい,10.9,0,0,6
396,658,ゲッコウガ,みず,あく,72,95,67,103,71,122,げきりゅう,,へんげんじざい,40,3,2,6
397,661,ヤヤコマ,ノーマル,ひこう,45,50,43,40,38,62,はとむね,,はやてのつばさ,1.7,0,0,6
398,662,ヒノヤコマ,ほのお,ひこう,62,73,55,56,52,84,ほのおのからだ,,はやてのつばさ,16,0,0,6
399,663,ファイアロー,ほのお,ひこう,78,81,71,74,69,126,ほのおのからだ,,はやてのつばさ,24.5,2,3,6
400,664,コフキムシ,むし,,38,35,40,27,25,35,りんぷん,ふくがん,フレンドガード,2.5,0,0,6
401,665,コフーライ,むし,,45,22,60,27,30,29,だっぴ,,フレンドガード,8.4,0,0,6
402,666,ビビヨン,むし,ひこう,80,52,50,90,50,89,りんぷん,ふくがん,フレンドガード,17,1,1,6
403,667,シシコ,ほのお,ノーマル,62,50,58,73,54,72,とうそうしん,きんちょうかん,じしんかじょう,13.5,0,0,6
404,668_1,カエンジシ(オス),ほのお,ノーマル,86,68,72,109,66,106,とうそうしん,きんちょうかん,じしんかじょう,81.5,1,1,6
405,668_2,カエンジシ(メス),ほのお,ノーマル,86,68,72,109,66,106,とうそうしん,きんちょうかん,じしんかじょう,81.5,1,1,6
406,669,フラベベ,フェアリー,,44,38,39,61,79,42,フラワーベール,,きょうせい,0.1,0,0,6
407,670,フラエッテ,フェアリー,,54,45,47,75,98,52,フラワーベール,,きょうせい,0.9,0,0,6
408,671,フラージェス,フェアリー,,78,65,68,112,154,75,フラワーベール,,きょうせい,10,1,1,6
409,672,メェークル,くさ,,66,65,48,62,57,52,そうしょく,,くさのけがわ,31,0,0,6
410,673,ゴーゴート,くさ,,123,100,62,97,81,68,そうしょく,,くさのけがわ,91,1,1,6
411,690,クズモー,どく,みず,50,60,60,60,60,30,どくのトゲ,どくしゅ,てきおうりょく,7.3,0,0,6
412,691,ドラミドロ,どく,ドラゴン,65,75,90,97,123,44,どくのトゲ,どくしゅ,てきおうりょく,81.5,1,1,6
413,692,ウデッポウ,みず,,50,53,62,58,63,44,メガランチャー,,,8.3,0,0,6
414,693,ブロスター,みず,,71,73,88,120,89,59,メガランチャー,,,35.3,1,1,6
415,700,ニンフィア,フェアリー,,95,65,65,110,130,60,メロメロボディ,,フェアリースキン,23.5,3,4,6
416,701,ルチャブル,かくとう,ひこう,78,92,75,74,63,118,じゅうなん,かるわざ,かたやぶり,21.5,1,1,6
417,702,デデンネ,でんき,フェアリー,67,58,57,81,67,101,ほおぶくろ,ものひろい,プラス,2.2,0,0,6
418,703,メレシー,いわ,フェアリー,50,50,150,50,150,50,クリアボディ,,がんじょう,5.7,1,1,6
419,704,ヌメラ,ドラゴン,,45,50,35,55,75,40,そうしょく,うるおいボディ,ぬめぬめ,2.8,0,0,6
420,705_1,ヌメイル(通常),ドラゴン,,68,75,53,83,113,60,そうしょく,うるおいボディ,ぬめぬめ,17.5,0,0,6
421,705_2,ヌメイル(ヒスイ),はがね,ドラゴン,58,75,83,83,113,40,そうりょく,シェルアーマー,ぬめぬめ,68.5,0,0,8.5
422,706_1,ヌメルゴン(通常),ドラゴン,,90,100,70,110,150,80,そうしょく,うるおいボディ,ぬめぬめ,150.5,2,2,6
423,706_2,ヌメルゴン(ヒスイ),はがね,ドラゴン,80,100,100,110,150,60,そうりょく,シェルアーマー,ぬめぬめ,334.1,4,4,8.5
424,707,クレッフィ,はがね,フェアリー,57,80,91,80,87,75,いたずらごころ,,マジシャン,3,2,2,6
425,708,ボクレー,ゴースト,くさ,43,70,48,50,60,38,しぜんかいふく,おみとおし,しゅうかく,7,0,0,6
426,709,オーロット,ゴースト,くさ,85,110,76,65,82,56,しぜんかいふく,おみとおし,しゅうかく,71,1,1,6
427,712,カチコール,こおり,,55,69,85,32,35,28,マイペース,アイスボディ,がんじょう,99.5,0,0,6
428,713_1,クレベース(通常),こおり,,95,117,184,44,46,28,マイペース,アイスボディ,がんじょう,505.5,2,2,6
429,713_2,クレベース(ヒスイ),こおり,いわ,95,127,184,34,36,38,がんじょうあご,アイスボディ,がんじょう,262.4,2,2,8.5
430,714,オンバット,ひこう,ドラゴン,40,30,35,45,40,55,おみとおし,すりぬけ,テレパシー,8,0,0,6
431,715,オンバーン,ひこう,ドラゴン,85,70,80,97,80,123,おみとおし,すりぬけ,テレパシー,85,1,1,6
432,719,ディアンシー,いわ,フェアリー,50,100,150,100,150,50,クリアボディ,,,8.8,0,0,6
433,720_1,フーパ(いましめられしフーパ),エスパー,ゴースト,80,110,60,150,130,70,マジシャン,,,9,0,0,6
434,720_2,フーパ(ときはなたれしフーパ),エスパー,あく,80,160,60,170,130,80,マジシャン,,,490,0,0,6
435,721,ボルケニオン,ほのお,みず,80,110,120,130,90,70,ちょすい,,,195,0,0,6
436,722,モクロー,くさ,ひこう,68,55,55,50,50,42,しんりょく,,えんかく,1.5,0,0,7
437,723,フクスロー,くさ,ひこう,78,75,75,70,70,52,しんりょく,,えんかく,16,0,0,7
438,724_1,ジュナイパー(通常),くさ,ゴースト,78,107,75,100,100,70,しんりょく,,えんかく,36.6,2,2,7
439,724_2,ジュナイパー(ヒスイ),くさ,かくとう,88,112,80,95,95,60,しんりょく,,きもったま,37,2,2,8.5
440,734,ヤングース,ノーマル,,48,70,30,30,30,45,はりこみ,がんじょうあご,てきおうりょく,6,0,0,7
441,735,デカグース,ノーマル,,88,110,60,55,60,45,はりこみ,がんじょうあご,てきおうりょく,14.2,1,1,7
442,736,アゴジムシ,むし,,47,62,45,55,45,46,むしのしらせ,,,4.4,0,0,7
443,737,デンヂムシ,むし,でんき,57,82,95,55,75,36,バッテリー,,,10.5,0,0,7
444,738,クワガノン,むし,でんき,77,70,90,145,75,43,ふゆう,,,45,4,3,7
445,739,マケンカニ,かくとう,,47,82,57,42,47,63,かいりきバサミ,てつのこぶし,いかりのつぼ,7,0,0,7
446,740,ケケンカニ,かくとう,こおり,97,132,77,62,67,43,かいりきバサミ,てつのこぶし,いかりのつぼ,180,1,1,7
447,741_1,オドリドリ(めらめら),ほのお,ひこう,75,70,70,98,70,93,おどりこ,,,3.4,1,1,7
448,741_2,オドリドリ(ぱちぱち),でんき,ひこう,75,70,70,98,70,93,おどりこ,,,3.4,1,1,7
449,741_3,オドリドリ(ふらふら),エスパー,ひこう,75,70,70,98,70,93,おどりこ,,,3.4,1,1,7
450,741_4,オドリドリ(まいまい),ゴースト,ひこう,75,70,70,98,70,93,おどりこ,,,3.4,1,1,7
451,742,アブリー,むし,フェアリー,40,45,40,55,40,84,みつあつめ,りんぷん,スイートベール,0.2,0,0,7
452,743,アブリボン,むし,フェアリー,60,55,60,95,70,124,みつあつめ,りんぷん,スイートベール,0.5,3,2,7
453,744,イワンコ,いわ,,45,65,40,30,40,60,するどいめ,,,9.2,0,0,7
454,745_1,ルガルガン(まひる),いわ,,75,115,65,55,65,112,するどいめ,すなかき,ふくつのこころ,25,2,2,7
455,745_2,ルガルガン(まよなか),いわ,,85,115,75,55,75,82,するどいめ,やるき,ノーガード,25,2,2,7
456,745_3,ルガルガン(たそがれ),いわ,,75,117,65,55,65,110,かたいツメ,,ふくつのこころ,25,2,2,7
457,747,ヒドイデ,どく,みず,50,53,62,43,52,45,ひとでなし,じゅうなん,さいせいりょく,8,0,0,7
458,748,ドヒドイデ,どく,みず,50,63,152,53,142,35,ひとでなし,じゅうなん,さいせいりょく,14.5,4,2,7
459,749,ドロバンコ,じめん,,70,100,70,45,55,45,マイペース,じきゅうりょく,せいしんりょく,110,0,0,7
460,750,バンバドロ,じめん,,100,125,100,55,85,35,マイペース,じきゅうりょく,せいしんりょく,920,1,1,7
461,753,カリキリ,くさ,,40,55,35,50,35,35,リーフガード,,あまのじゃく,1.5,0,0,7
462,754,ラランテス,くさ,,70,105,90,80,90,45,リーフガード,,あまのじゃく,18.5,1,1,7
463,757,ヤトウモリ,どく,ほのお,48,44,40,71,40,77,ふしょく,,どんかん,4.8,0,0,7
464,758,エンニュート,どく,ほのお,68,64,60,111,60,117,ふしょく,,どんかん,22.2,1,1,7
465,761,アマカジ,くさ,,42,30,38,30,38,32,リーフガード,どんかん,スイートベール,3.2,0,0,7
466,762,アママイコ,くさ,,52,40,48,40,48,62,リーフガード,どんかん,スイートベール,8.2,0,0,7
467,763,アマージョ,くさ,,72,120,98,50,98,72,リーフガード,じょおうのいげん,スイートベール,21.4,2,2,7
468,765,ヤレユータン,ノーマル,エスパー,90,60,80,90,110,60,せいしんりょく,テレパシー,きょうせい,76,2,4,7
469,766,ナゲツケサル,かくとう,,100,120,90,40,60,80,レシーバー,,まけんき,82.8,1,1,7
470,769,スナバァ,ゴースト,じめん,55,55,80,70,45,15,みずがため,,すながくれ,70,0,0,7
471,770,シロデスナ,ゴースト,じめん,85,75,110,100,75,35,みずがため,,すながくれ,250,1,1,7
472,775,ネッコアラ,ノーマル,,65,115,65,75,95,65,ぜったいねむり,,,19.9,1,1,7
473,778,ミミッキュ,ゴースト,フェアリー,55,90,80,50,105,96,ばけのかわ,,,0.7,4,3,7
474,779,ハギギシリ,みず,エスパー,68,105,70,70,70,92,ビビッドボディ,がんじょうあご,ミラクルスキン,19,1,3,7
475,782,ジャラコ,ドラゴン,,45,55,65,45,45,45,ぼうだん,ぼうおん,ぼうじん,29.7,0,0,7
476,783,ジャランゴ,ドラゴン,かくとう,55,75,90,65,70,65,ぼうだん,ぼうおん,ぼうじん,47,0,0,7
477,784,ジャラランガ,ドラゴン,かくとう,75,110,125,100,105,85,ぼうだん,ぼうおん,ぼうじん,78.2,4,4,7
478,801,マギアナ,はがね,フェアリー,80,95,115,130,115,65,ソウルハート,,,80.5,0,0,7
479,810,サルノリ,くさ,,50,65,50,40,40,65,しんりょく,,グラスメイカー,5,0,0,8
480,811,バチンキー,くさ,,70,85,70,55,60,80,しんりょく,,グラスメイカー,14,0,0,8
481,812,ゴリランダー,くさ,,100,125,90,60,70,85,しんりょく,,グラスメイカー,90,4,4,8
482,813,ヒバニー,ほのお,,50,71,40,40,40,69,もうか,,リベロ,4.5,0,0,8
483,814,ラビフット,ほのお,,65,86,60,55,60,94,もうか,,リベロ,9,0,0,8
484,815,エースバーン,ほのお,,80,116,75,65,75,119,もうか,,リベロ,33,3,2,8
485,816,メッソン,みず,,50,40,40,70,40,70,げきりゅう,,スナイパー,4,0,0,8
486,817,ジメレオン,みず,,65,60,55,95,55,90,げきりゅう,,スナイパー,11.5,0,0,8
487,818,インテレオン,みず,,70,85,65,125,65,120,げきりゅう,,スナイパー,45.2,2,2,8
488,819,ホシガリス,ノーマル,,70,55,55,35,35,25,ほおぶくろ,,くいしんぼう,2.5,0,0,8
489,820,ヨクバリス,ノーマル,,120,95,95,55,75,20,ほおぶくろ,,くいしんぼう,6,1,1,8
490,821,ココガラ,ひこう,,38,47,35,33,35,57,するどいめ,きんちょうかん,はとむね,1.8,0,0,8
491,822,アオガラス,ひこう,,68,67,55,43,55,77,するどいめ,きんちょうかん,はとむね,16,0,0,8
492,823,アーマーガア,ひこう,はがね,98,87,105,53,85,67,プレッシャー,きんちょうかん,ミラーアーマー,75,4,3,8
493,833,カムカメ,みず,,50,64,50,38,38,44,がんじょうあご,シェルアーマー,すいすい,8.5,0,0,8
494,834,カジリガメ,みず,いわ,90,115,90,48,68,74,がんじょうあご,シェルアーマー,すいすい,115.5,1,1,8
495,837,タンドン,いわ,,30,40,50,40,50,30,じょうききかん,たいねつ,もらいび,12,0,0,8
496,838,トロッゴン,いわ,ほのお,80,60,90,60,70,50,じょうききかん,ほのおのからだ,もらいび,78,0,0,8
497,839,セキタンザン,いわ,ほのお,110,80,120,80,90,30,じょうききかん,ほのおのからだ,もらいび,310.5,1,1,8
498,840,カジッチュ,くさ,ドラゴン,40,40,80,40,40,20,じゅくせい,くいしんぼう,ぼうだん,0.5,0,0,8
499,841,アップリュー,くさ,ドラゴン,70,110,80,95,60,70,じゅくせい,くいしんぼう,はりきり,1,1,1,8
500,842,タルップル,くさ,ドラゴン,110,85,80,100,80,30,じゅくせい,くいしんぼう,あついしぼう,13,1,1,8
501,843,スナヘビ,じめん,,52,57,75,35,50,46,すなはき,だっぴ,すながくれ,7.6,0,0,8
502,844,サダイジャ,じめん,,72,107,125,65,70,71,すなはき,だっぴ,すながくれ,65.5,1,1,8
503,845,ウッウ,ひこう,みず,70,85,55,85,95,85,うのミサイル,,,18,1,1,8
504,846,サシカマス,みず,,41,63,40,40,30,66,すいすい,,スクリューおびれ,1,0,0,8
505,847,カマスジョー,みず,,61,123,60,60,50,136,すいすい,,スクリューおびれ,30,1,1,8
506,848,エレズン,でんき,どく,40,38,35,54,35,40,びびり,せいでんき,ぶきよう,11,0,0,8
507,849_1,ストリンダー(ハイ),でんき,どく,75,98,70,114,70,75,パンクロック,プラス,テクニシャン,40,1,1,8
508,849_2,ストリンダー(ロー),でんき,どく,75,98,70,114,70,75,パンクロック,プラス,テクニシャン,40,1,1,8
509,854,ヤバチャ,ゴースト,,40,45,45,74,54,50,くだけるよろい,,のろわれボディ,0.2,0,0,8
510,855,ポットデス,ゴースト,,60,65,65,134,114,70,くだけるよろい,,のろわれボディ,0.4,2,2,8
511,856,ミブリム,エスパー,,42,30,45,56,53,39,いやしのこころ,きけんよち,マジックミラー,3.4,0,0,8
512,857,テブリム,エスパー,,57,40,65,86,73,49,いやしのこころ,きけんよち,マジックミラー,4.8,0,0,8
513,858,ブリムオン,エスパー,フェアリー,57,90,95,136,103,29,いやしのこころ,きけんよち,マジックミラー,5.1,2,3,8
514,859,ベロバー,あく,フェアリー,45,45,30,55,40,50,いたずらごころ,おみとおし,わるいてぐせ,5.5,0,0,8
515,860,ギモー,あく,フェアリー,65,60,45,75,55,70,いたずらごころ,おみとおし,わるいてぐせ,12.5,0,0,8
516,861,オーロンゲ,あく,フェアリー,95,120,65,95,75,60,いたずらごころ,おみとおし,わるいてぐせ,61,3,4,8
517,863,ニャイキング,はがね,,70,110,100,50,60,50,カブトアーマー,かたいツメ,はがねのせいしん,28,1,1,8
518,870,タイレーツ,かくとう,,65,100,100,70,60,75,カブトアーマー,,まけんき,62,1,1,8
519,871,バチンウニ,でんき,,48,101,95,91,85,15,ひらいしん,,エレキメイカー,1,1,1,8
520,872,ユキハミ,こおり,むし,30,25,35,45,30,20,りんぷん,,こおりのりんぷん,3.8,0,0,8
521,873,モスノウ,こおり,むし,70,65,60,125,90,65,りんぷん,,こおりのりんぷん,42,1,1,8
522,874,イシヘンジン,いわ,,100,125,135,20,20,70,パワースポット,,,520,1,1,8
523,875_1,コオリッポ(アイスフェイス),こおり,,75,80,110,65,90,50,アイスフェイス,,,89,1,1,8
524,875_2,コオリッポ(ナイスフェイス),こおり,,75,80,70,65,50,130,アイスフェイス,,,89,0,0,8
525,876_1,イエッサン(オス),エスパー,ノーマル,60,65,55,105,95,95,せいしんりょく,シンクロ,サイコメイカー,28,1,1,8
526,876_2,イエッサン(メス),エスパー,ノーマル,70,55,65,95,105,85,マイペース,シンクロ,サイコメイカー,28,2,4,8
527,877,モルペコ,でんき,あく,58,95,58,70,58,97,はらぺこスイッチ,,,3,1,1,8
528,878,ゾウドウ,はがね,,72,80,49,40,49,40,ちからずく,,ヘヴィメタル,100,0,0,8
529,879,ダイオウドウ,はがね,,122,130,69,80,69,30,ちからずく,,ヘヴィメタル,650,1,1,8
530,885,ドラメシヤ,ドラゴン,ゴースト,28,60,30,40,30,82,クリアボディ,すりぬけ,のろわれボディ,2,0,0,8
531,886,ドロンチ,ドラゴン,ゴースト,68,80,50,60,50,102,クリアボディ,すりぬけ,のろわれボディ,11,0,0,8
532,887,ドラパルト,ドラゴン,ゴースト,88,120,75,100,75,142,クリアボディ,すりぬけ,のろわれボディ,50,4,3,8
533,888_1,ザシアン(れきせんのゆうしゃ),フェアリー,,92,120,115,80,115,138,ふとうのけん,,,110,0,0,8
534,888_2,ザシアン(けんのおう),フェアリー,はがね,92,150,115,80,115,148,ふとうのけん,,,355,0,0,8
535,889_1,ザマゼンタ(れきせんのゆうしゃ),かくとう,,92,120,115,80,115,138,ふくつのたて,,,210,0,0,8
536,889_2,ザマゼンタ(たてのおう),かくとう,はがね,92,120,140,80,140,128,ふくつのたて,,,785,0,0,8
537,890,ムゲンダイナ,どく,ドラゴン,140,85,95,145,95,130,プレッシャー,,,950,0,0,8
538,891,ダクマ,かくとう,,60,90,60,53,50,72,せいしんりょく,,,12,0,0,8
539,892_1,ウーラオス(いちげきのかた),かくとう,あく,100,130,100,63,60,97,ふかしのこぶし,,,105,4,4,8
540,892_2,ウーラオス(れんげきのかた),かくとう,みず,100,130,100,63,60,97,ふかしのこぶし,,,105,4,4,8
541,893,ザルード,あく,くさ,105,120,105,70,95,105,リーフガード,,,70,0,0,8
542,894,レジエレキ,でんき,,80,100,50,100,50,200,トランジスタ,,,145,3,3,8
543,895,レジドラゴ,ドラゴン,,200,100,50,100,50,80,りゅうのあぎと,,,200,2,3,8
544,896,ブリザポス,こおり,,100,145,130,65,110,30,しろのいななき,,,800,2,3,8
545,897,レイスポス,ゴースト,,100,65,60,145,80,130,くろのいななき,,,44.5,2,2,8
546,898_1,バドレックス(通常),エスパー,くさ,100,80,80,80,80,80,きんちょうかん,,,7.7,0,0,8
547,898_2,バドレックス(はくばじょう),エスパー,こおり,100,165,150,85,130,50,じんばいったい,,,809.1,0,0,8
548,898_3,バドレックス(こくばじょう),エスパー,ゴースト,100,85,80,165,100,150,じんばいったい,,,53.6,0,0,8
549,899,アヤシシ,ノーマル,エスパー,103,105,72,105,75,65,いかく,おみとおし,そうしょく,95.1,2,2,8.5
550,900,バサギリ,むし,いわ,70,135,95,45,70,85,むしのしらせ,ちからずく,きれあじ,89,3,2,8.5
551,901_1,ガチグマ(通常),じめん,ノーマル,130,140,105,45,80,50,こんじょう,ぼうだん,きんちょうかん,290,3,4,8.5
552,901_2,ガチグマ(アカツキ),じめん,ノーマル,113,70,120,135,65,52,しんがん,,,333,4,4,9
553,902_1,イダイトウ(オス),みず,ゴースト,120,112,65,80,75,78,すいすい,てきおうりょく,かたやぶり,110,4,4,8.5
554,902_2,イダイトウ(メス),みず,ゴースト,120,92,65,100,75,78,すいすい,てきおうりょく,かたやぶり,110,1,1,8.5
555,903,オオニューラ,かくとう,どく,80,130,60,40,80,120,プレッシャー,かるわざ,どくしゅ,43,4,3,8.5
556,904,ハリーマン,あく,どく,85,115,95,65,65,85,どくのトゲ,すいすい,いかく,60.5,2,2,8.5
557,905_1,ラブトロス(けしん),フェアリー,ひこう,74,115,70,135,80,106,メロメロボディ,,あまのじゃく,48,2,2,8.5
558,905_2,ラブトロス(れいじゅう),フェアリー,ひこう,74,115,110,135,100,46,ぼうじん,,,48,2,3,8.5
559,906,ニャオハ,くさ,,40,61,54,45,45,65,しんりょく,,へんげんじざい,4.1,0,0,9
560,907,ニャローテ,くさ,,61,80,63,60,63,83,しんりょく,,へんげんじざい,12.2,0,0,9
561,908,マスカーニャ,くさ,あく,76,110,70,81,70,123,しんりょく,,へんげんじざい,31.2,4,3,9
562,909,ホゲータ,ほのお,,67,45,59,63,40,36,もうか,,てんねん,9.8,0,0,9
563,910,アチゲータ,ほのお,,81,55,78,90,58,49,もうか,,てんねん,30.7,0,0,9
564,911,ラウドボーン,ほのお,ゴースト,104,75,100,110,75,66,もうか,,てんねん,326.5,4,2,9
565,912,クワッス,みず,,55,65,45,50,45,50,げきりゅう,,じしんかじょう,6.1,0,0,9
566,913,ウェルカモ,みず,,70,85,65,65,60,65,げきりゅう,,じしんかじょう,21.5,0,0,9
567,914,ウェーニバル,みず,かくとう,85,120,80,85,75,85,げきりゅう,,じしんかじょう,61.9,2,2,9
568,915,グルトン,ノーマル,,54,45,40,35,45,35,アロマベール,くいしんぼう,あついしぼう,10.2,0,0,9
569,916_1,パフュートン(オス),ノーマル,,110,100,75,59,80,65,とれないにおい,くいしんぼう,あついしぼう,120,1,1,9
570,916_2,パフュートン(メス),ノーマル,,110,100,75,59,80,65,とれないにおい,くいしんぼう,あついしぼう,120,1,1,9
571,917,タマンチュラ,むし,,35,41,45,29,40,20,ふみん,,はりこみ,4,0,0,9
572,918,ワナイダー,むし,,60,79,92,52,86,35,ふみん,,はりこみ,16.5,1,1,9
573,919,マメバッタ,むし,,33,46,40,21,25,45,むしのしらせ,,いろめがね,1,0,0,9
574,920,エクスレッグ,むし,あく,71,102,78,52,55,92,むしのしらせ,,いろめがね,17.5,1,1,9
575,921,パモ,でんき,,45,50,20,40,25,60,せいでんき,しぜんかいふく,てつのこぶし,2.5,0,0,9
576,922,パモット,でんき,かくとう,60,75,40,50,40,85,ちくでん,しぜんかいふく,てつのこぶし,6.5,0,0,9
577,923,パーモット,でんき,かくとう,70,115,70,70,60,105,ちくでん,しぜんかいふく,てつのこぶし,41,2,2,9
578,924,ワッカネズミ,ノーマル,,50,50,45,40,45,75,にげあし,ものひろい,マイペース,1.8,0,0,9
579,925_1,イッカネズミ(4ひき),ノーマル,,74,75,70,65,75,111,フレンドガード,ほおぶくろ,テクニシャン,2.8,2,4,9
580,925_2,イッカネズミ(3ひき),ノーマル,,74,75,70,65,75,111,フレンドガード,ほおぶくろ,テクニシャン,2.3,2,4,9
581,926,パピモッチ,フェアリー,,37,55,70,30,55,65,マイペース,,ぶきよう,10.9,0,0,9
582,927,バウッツェル,フェアリー,,57,80,115,50,80,95,こんがりボディ,,アロマベール,14.9,1,1,9
583,928,ミニーブ,くさ,ノーマル,41,35,45,58,51,30,はやおき,,しゅうかく,6.5,0,0,9
584,929,オリーニョ,くさ,ノーマル,52,53,60,78,78,33,はやおき,,しゅうかく,11.9,0,0,9
585,930,オリーヴァ,くさ,ノーマル,78,69,90,125,109,39,こぼれダネ,,しゅうかく,48.2,2,2,9
586,931_1,イキリンコ(みどり),ノーマル,ひこう,82,96,51,45,51,92,いかく,はりきり,こんじょう,2.4,1,1,9
587,931_2,イキリンコ(あお),ノーマル,ひこう,82,96,51,45,51,92,いかく,はりきり,こんじょう,2.4,1,1,9
588,931_3,イキリンコ(きいろ),ノーマル,ひこう,82,96,51,45,51,92,いかく,はりきり,ちからずく,2.4,1,1,9
589,931_4,イキリンコ(しろ),ノーマル,ひこう,82,96,51,45,51,92,いかく,はりきり,ちからずく,2.4,1,1,9
590,932,コジオ,いわ,,55,55,75,35,35,25,きよめのしお,がんじょう,クリアボディ,16,0,0,9
591,933,ジオヅム,いわ,,60,60,100,35,65,35,きよめのしお,がんじょう,クリアボディ,105,0,0,9
592,934,キョジオーン,いわ,,100,100,130,45,90,35,きよめのしお,がんじょう,クリアボディ,240,4,3,9
593,935,カルボウ,ほのお,,40,50,40,50,40,35,もらいび,,ほのおのからだ,10.5,0,0,9
594,936,グレンアルマ,ほのお,エスパー,85,60,100,125,80,75,もらいび,,くだけるよろい,85,2,4,9
595,937,ソウブレイズ,ほのお,ゴースト,75,125,80,60,100,85,もらいび,,くだけるよろい,62,3,2,9
596,938,ズピカ,でんき,,61,31,41,59,35,45,マイペース,せいでんき,しめりけ,0.4,0,0,9
597,939,ハラバリー,でんき,,109,64,91,103,83,45,でんきにかえる,せいでんき,しめりけ,113,2,2,9
598,940,カイデン,でんき,ひこう,40,40,35,55,40,70,ふうりょくでんき,ちくでん,かちき,3.6,0,0,9
599,941,タイカイデン,でんき,ひこう,70,70,60,105,60,125,ふうりょくでんき,ちくでん,かちき,38.6,1,1,9
600,942,オラチフ,あく,,60,78,60,40,51,51,いかく,にげあし,はりこみ,16,0,0,9
601,943,マフィティフ,あく,,80,120,90,60,70,85,いかく,ばんけん,はりこみ,61,1,1,9
602,944,シルシュルー,どく,ノーマル,40,65,35,40,35,75,かるわざ,わるいてぐせ,いたずらごころ,0.7,0,0,9
603,945,タギングル,どく,ノーマル,63,95,65,80,72,110,かるわざ,どくしゅ,いたずらごころ,27.2,1,1,9
604,946,アノクサ,くさ,ゴースト,40,65,30,45,35,60,かぜのり,,すりぬけ,0.6,0,0,9
605,947,アノホラグサ,くさ,ゴースト,55,115,70,80,70,90,かぜのり,,すりぬけ,6,1,3,9
606,948,ノノクラゲ,じめん,くさ,40,40,35,50,100,70,きんしのちから,,,33,0,0,9
607,949,リククラゲ,じめん,くさ,80,70,65,80,120,100,きんしのちから,,,58,1,1,9
608,950,ガケガニ,いわ,,70,100,115,35,55,75,いかりのこうら,シェルアーマー,さいせいりょく,79,1,1,9
609,951,カプサイジ,くさ,,50,62,40,62,40,50,ようりょくそ,ふみん,ぶきよう,3,0,0,9
610,952,スコヴィラン,くさ,ほのお,65,108,65,108,65,75,ようりょくそ,ふみん,ムラっけ,15,1,1,9
611,953,シガロコ,むし,,41,50,60,31,58,30,ふくがん,,だっぴ,1,0,0,9
612,954,ベラカス,むし,エスパー,75,50,85,115,100,45,シンクロ,,テレパシー,3.5,1,1,9
613,955,ヒラヒナ,エスパー,,30,35,30,55,30,75,きけんよち,おみとおし,かそく,1.5,0,0,9
614,956,クエスパトラ,エスパー,,95,60,60,101,60,105,びんじょう,おみとおし,かそく,90,3,2,9
615,957,カヌチャン,フェアリー,はがね,50,45,45,35,64,58,かたやぶり,マイペース,わるいてぐせ,8.9,0,0,9
616,958,ナカヌチャン,フェアリー,はがね,65,55,55,45,82,78,かたやぶり,マイペース,わるいてぐせ,59.1,0,0,9
617,959,デカヌチャン,フェアリー,はがね,85,75,77,70,105,94,かたやぶり,マイペース,わるいてぐせ,112.8,3,2,9
618,960,ウミディグダ,みず,,10,55,25,35,25,95,ぬめぬめ,びびり,すながくれ,1.8,0,0,9
619,961,ウミトリオ,みず,,35,100,50,50,70,120,ぬめぬめ,びびり,すながくれ,5.4,1,1,9
620,962,オトシドリ,ひこう,あく,70,103,85,60,85,82,はとむね,するどいめ,いわはこび,42.9,0,0,9
621,963,ナミイルカ,みず,,70,45,40,45,40,75,みずのベール,,,60.2,0,0,9
622,964_1,イルカマン(ナイーブ),みず,,100,70,72,53,62,100,マイティチェンジ,,,60.2,3,3,9
623,964_2,イルカマン(マイティ),みず,,100,160,97,106,87,100,マイティチェンジ,,,97.4,0,0,9
624,965,ブロロン,はがね,どく,45,70,63,30,45,47,ぼうじん,,スロースタート,35,0,0,9
625,966,ブロロローム,はがね,どく,80,119,90,54,67,90,ぼうじん,,フィルター,120,1,1,9
626,967,モトトカゲ,ドラゴン,ノーマル,70,95,65,85,65,121,だっぴ,,さいせいりょく,63,1,1,9
627,968,ミミズズ,はがね,,70,85,145,60,55,65,どしょく,,すながくれ,310,2,2,9
628,969,キラーメ,いわ,どく,48,35,42,105,60,60,どくげしょう,,ふしょく,8,0,0,9
629,970,キラフロル,いわ,どく,83,55,90,130,81,86,どくげしょう,,ふしょく,45,4,3,9
630,971,ボチ,ゴースト,,50,61,60,30,55,34,ものひろい,,もふもふ,35,0,0,9
631,972,ハカドッグ,ゴースト,,72,101,100,50,97,68,すなかき,,もふもふ,15,2,2,9
632,973,カラミンゴ,ひこう,かくとう,82,115,74,75,64,90,きもったま,ちどりあし,きょうえん,37,1,1,9
633,974,アルクジラ,こおり,,108,68,45,30,40,43,あついしぼう,ゆきがくれ,ちからずく,45,0,0,9
634,975,ハルクジラ,こおり,,170,113,65,45,55,73,あついしぼう,ゆきかき,ちからずく,700,1,1,9
635,976,ミガルーサ,みず,エスパー,90,102,73,78,65,70,かたやぶり,,きれあじ,90,1,1,9
636,977,ヘイラッシャ,みず,,150,100,115,65,65,35,てんねん,どんかん,みずのベール,220,4,4,9
637,978_1,シャリタツ(そったすがた),ドラゴン,みず,68,50,60,120,95,82,しれいとう,,よびみず,8,2,3,9
638,978_2,シャリタツ(たれたすがた),ドラゴン,みず,68,50,60,120,95,82,しれいとう,,よびみず,8,2,3,9
639,978_3,シャリタツ(のびたすがた),ドラゴン,みず,68,50,60,120,95,82,しれいとう,,よびみず,8,2,3,9
640,979,コノヨザル,かくとう,ゴースト,110,115,80,50,90,90,やるき,せいしんりょく,まけんき,56,4,4,9
641,980,ドオー,どく,じめん,130,75,60,45,100,20,どくのトゲ,ちょすい,てんねん,223,3,2,9
642,981,リキキリン,ノーマル,エスパー,120,90,70,110,70,60,はんすう,テイルアーマー,そうしょく,160,2,4,9
643,982,ノココッチ,ノーマル,,125,100,80,85,75,55,てんのめぐみ,にげあし,びびり,39.2,2,2,9
644,983,ドドゲザン,あく,はがね,100,135,120,60,85,50,まけんき,そうだいしょう,プレッシャー,120,4,4,9
645,984,イダイナキバ,じめん,かくとう,115,131,131,53,53,87,こだいかっせい,,,320,3,2,9
646,985,サケブシッポ,フェアリー,エスパー,115,65,99,65,115,111,こだいかっせい,,,8,3,3,9
647,986,アラブルタケ,くさ,あく,111,127,99,79,99,55,こだいかっせい,,,21,2,2,9
648,987,ハバタクカミ,ゴースト,フェアリー,55,55,55,135,135,135,こだいかっせい,,,4,4,4,9
649,988,チヲハウハネ,むし,かくとう,85,135,79,85,105,81,こだいかっせい,,,92,2,2,9
650,989,スナノケガワ,でんき,じめん,85,81,97,121,85,101,こだいかっせい,,,60,2,2,9
651,990,テツノワダチ,じめん,はがね,90,112,120,72,70,106,クォークチャージ,,,240,2,2,9
652,991,テツノツツミ,こおり,みず,56,80,114,124,60,136,クォークチャージ,,,11,4,4,9
653,992,テツノカイナ,かくとう,でんき,154,140,108,50,68,50,クォークチャージ,,,380.7,3,4,9
654,993,テツノコウベ,あく,ひこう,94,80,86,122,80,108,クォークチャージ,,,111,2,2,9
655,994,テツノドクガ,ほのお,どく,80,70,60,140,110,110,クォークチャージ,,,36,4,2,9
656,995,テツノイバラ,いわ,でんき,100,134,110,70,84,72,クォークチャージ,,,303,2,2,9
657,996,セビエ,ドラゴン,こおり,65,75,45,35,45,55,ねつこうかん,,アイスボディ,17,0,0,9
658,997,セゴール,ドラゴン,こおり,90,95,66,45,65,62,ねつこうかん,,アイスボディ,30,0,0,9
659,998,セグレイブ,ドラゴン,こおり,115,145,92,75,86,87,ねつこうかん,,アイスボディ,210,4,4,9
660,999,コレクレー,ゴースト,,45,30,70,75,70,10,びびり,,,0.1,0,0,9
661,1000,サーフゴー,はがね,ゴースト,87,60,95,133,91,84,おうごんのからだ,,,30,4,4,9
662,1001,チオンジェン,あく,くさ,85,85,100,95,135,70,わざわいのおふだ,,,74.2,3,3,9
663,1002,パオジアン,あく,こおり,80,120,80,90,65,135,わざわいのつるぎ,,,152.2,4,4,9
664,1003,ディンルー,あく,じめん,155,110,125,55,80,45,わざわいのうつわ,,,699.7,4,3,9
665,1004,イーユイ,あく,ほのお,55,80,80,135,120,100,わざわいのたま,,,4.9,4,4,9
666,1005,トドロクツキ,ドラゴン,あく,105,139,71,55,101,119,こだいかっせい,,,380,4,4,9
667,1006,テツノブジン,フェアリー,かくとう,74,130,90,120,60,116,クォークチャージ,,,35,4,2,9
668,1007,コライドン,かくとう,ドラゴン,100,135,115,85,100,135,ひひいろのこどう,,,303,0,0,9
669,1008,ミライドン,でんき,ドラゴン,100,85,100,135,115,135,ハドロンエンジン,,,240,0,0,9
670,1009,ウネルミナモ,みず,ドラゴン,99,83,91,125,83,109,こだいかっせい,,,280,0,0,9
671,1010,テツノイサハ,くさ,エスパー,90,130,88,70,108,104,クォークチャージ,,,125,0,0,9
672,1011,カミッチュ,くさ,ドラゴン,80,80,110,95,80,40,かんろなミツ,くいしんぼう,ねんちゃく,4.4,1,1,9
673,1012,チャデス,くさ,ゴースト,40,45,45,74,54,50,おもてなし,,たいねつ,1.1,0,0,9
674,1013,ヤバソチャ,くさ,ゴースト,71,60,106,121,80,70,おもてなし,,たいねつ,2.2,4,4,9
675,1014,イイネイヌ,どく,かくとう,88,128,115,58,86,80,どくのくさり,,ばんけん,92,3,4,9
676,1015,マシマシラ,どく,エスパー,88,75,66,130,90,106,どくのくさり,,おみとおし,12.2,2,3,9
677,1016,キチキギス,どく,フェアリー,88,91,82,70,125,99,どくのくさり,,テクニシャン,30.1,3,4,9
678,1017_1,オーガポン(みどりのめん),くさ,,80,120,84,60,96,110,まけんき,,,39.8,4,4,9
679,1017_2,オーガポン(いどのめん),くさ,みず,80,120,84,60,96,110,ちょすい,,,39.8,4,4,9
680,1017_3,オーガポン(かまどのめん),くさ,ほのお,80,120,84,60,96,110,かたやぶり,,,39.8,4,4,9
681,1017_4,オーガポン(いしずえのめん),くさ,いわ,80,120,84,60,96,110,がんじょう,,,39.8,4,4,9
,1,フシギダネ,くさ,どく,45,49,49,65,65,45,しんりょく,,ようりょくそ,6.9,0,0,1
,2,フシギソウ,くさ,どく,60,62,63,80,80,60,しんりょく,,ようりょくそ,13,0,0,1
,3,フシギバナ,くさ,どく,80,82,83,100,100,80,しんりょく,,ようりょくそ,100,0,0,1
,7,ゼニガメ,みず,,44,48,65,50,64,43,げきりゅう,,あめうけざら,9,0,0,1
,8,カメール,みず,,59,63,80,65,80,58,げきりゅう,,あめうけざら,22.5,0,0,1
,9,カメックス,みず,,79,83,100,85,105,78,げきりゅう,,あめうけざら,85.5,0,0,1
,43,ナゾノクサ,くさ,どく,45,50,55,75,65,30,ようりょくそ,,にげあし,5.4,0,0,1
,44,クサイハナ,くさ,どく,60,65,70,85,75,40,ようりょくそ,,あくしゅう,8.6,0,0,1
,45,ラフレシア,くさ,どく,75,80,85,110,90,50,ようりょくそ,,ほうし,18.6,0,0,1
,72,メノクラゲ,みず,どく,40,40,35,50,100,70,クリアボディ,ヘドロえき,あめうけざら,45.5,0,0,1
,73,ドククラゲ,みず,どく,80,70,65,80,120,100,クリアボディ,ヘドロえき,あめうけざら,55,0,0,1
,84,ドードー,ノーマル,ひこう,35,85,45,35,35,75,にげあし,はやおき,ちどりあし,39.2,0,0,1
,85,ドードリオ,ノーマル,ひこう,60,110,70,60,60,110,にげあし,はやおき,ちどりあし,85.2,0,0,1
,86,パウワウ,みず,,65,45,55,45,70,45,あついしぼう,うるおいボディ,アイスボディ,90,0,0,1
,87,ジュゴン,みず,こおり,90,70,80,70,95,70,あついしぼう,うるおいボディ,アイスボディ,120,0,0,1
,102,タマタマ,くさ,エスパー,60,40,80,60,45,40,ようりょくそ,,しゅうかく,2.5,0,0,1
,103_1,ナッシー,くさ,エスパー,95,95,85,125,75,55,ようりょくそ,,しゅうかく,120,0,0,1
,103_2,ナッシー(アローラ),くさ,ドラゴン,95,105,85,125,75,45,おみとおし,,しゅうかく,415.6,0,0,7
,106,サワムラー,かくとう,,50,120,53,35,110,87,じゅうなん,すてみ,かるわざ,49.8,0,0,1
,107,エビワラー,かくとう,,50,105,79,35,110,76,するどいめ,てつのこぶし,せいしんりょく,50.2,0,0,1
,111,サイホーン,じめん,いわ,80,85,95,30,30,25,ひらいしん,いしあたま,すてみ,115,0,0,1
,112,サイドン,じめん,いわ,105,130,120,45,45,40,ひらいしん,いしあたま,すてみ,120,0,0,1
,116,タッツー,みず,,30,40,70,70,25,60,すいすい,スナイパー,しめりけ,8,0,0,1
,117,シードラ,みず,,55,65,95,95,45,85,どくのトゲ,スナイパー,しめりけ,25,0,0,1
,125,エレブー,でんき,,65,83,57,95,85,105,せいでんき,,やるき,30,0,0,1
,126,ブーバー,ほのお,,65,95,57,100,85,93,ほのおのからだ,,やるき,44.5,0,0,1
,131,ラプラス,みず,こおり,130,85,80,85,95,60,ちょすい,シェルアーマー,うるおいボディ,220,0,0,1
,137,ポリゴン,ノーマル,,65,60,70,85,75,40,トレース,ダウンロード,アナライズ,36.5,0,0,1
,152,チコリータ,くさ,,45,49,65,49,65,45,しんりょく,,リーフガード,6.4,0,0,2
,153,ベイリーフ,くさ,,60,62,80,63,80,60,しんりょく,,リーフガード,15.8,0,0,2
,154,メガニウム,くさ,,80,82,100,83,100,80,しんりょく,,リーフガード,100.5,0,0,2
,158,ワニノコ,みず,,50,65,64,44,48,43,げきりゅう,,ちからずく,9.5,0,0,2
,159,アリゲイツ,みず,,65,80,80,59,63,58,げきりゅう,,ちからずく,25,0,0,2
,160,オーダイル,みず,,85,105,100,79,83,78,げきりゅう,,ちからずく,88.8,0,0,2
,170,チョンチー,みず,でんき,75,38,38,56,56,67,ちくでん,はっこう,ちょすい,12,0,0,2
,171,ランターン,みず,でんき,125,58,58,76,76,67,ちくでん,はっこう,ちょすい,22.5,0,0,2
,182,キレイハナ,くさ,,75,80,95,90,100,50,ようりょくそ,,いやしのこころ,5.8,0,0,2
,209,ブルー,フェアリー,,60,80,50,40,40,30,いかく,にげあし,びびり,7.8,0,0,2
,210,グランブル,フェアリー,,90,120,75,60,60,45,いかく,はやあし,びびり,48.7,0,0,2
,227,エアームド,はがね,ひこう,65,80,140,40,70,70,するどいめ,がんじょう,くだけるよろい,50.5,0,0,2
,230,キングドラ,みず,ドラゴン,75,95,95,95,95,85,すいすい,スナイパー,しめりけ,152,0,0,2
,233,ポリゴン2,ノーマル,,85,80,90,105,95,60,トレース,ダウンロード,アナライズ,32.5,0,0,2
,235,ドーブル,ノーマル,,55,20,35,20,45,75,マイペース,テクニシャン,ムラっけ,58,0,0,2
,236,バルキー,かくとう,,35,35,35,35,35,35,こんじょう,ふくつのこころ,やるき,21,0,0,2
,237,カポエラー,かくとう,,50,95,95,35,110,70,いかく,テクニシャン,ふくつのこころ,48,0,0,2
,239,エレキッド,でんき,,45,63,37,65,55,95,せんでんき,,やるき,23.5,0,0,2
,240,ブビィ,ほのお,,45,75,37,70,55,83,ほのおのからだ,,やるき,21.4,0,0,2
,243,ライコウ,でんき,,90,85,75,115,100,115,プレッシャー,,せいしんりょく,178,0,0,2
,244,エンテイ,ほのお,,115,115,85,90,75,100,プレッシャー,,せいしんりょく,198,0,0,2
,245,スイクン,みず,,100,75,115,90,115,85,プレッシャー,,せいしんりょく,187,0,0,2
,249,ルギア,エスパー,ひこう,106,90,130,90,154,110,プレッシャー,,マルチスケイル,216,0,0,2
,250,ホウオウ,ほのお,ひこう,106,130,90,110,154,90,プレッシャー,,さいせいりょく,199,0,0,2
,252,キモリ,くさ,,40,45,35,65,55,70,しんりょく,,かるわざ,5,0,0,3
,253,ジュプトル,くさ,,50,65,45,85,65,95,しんりょく,,かるわざ,21.6,0,0,3
,254,ジュカイン,くさ,,70,85,65,105,85,120,しんりょく,,かるわざ,52.2,0,0,3
,255,アチャモ,ほのお,,45,60,40,70,50,45,もうか,,かそく,2.5,0,0,3
,256,ワカシャモ,ほのお,かくとう,60,85,60,85,60,55,もうか,,かそく,19.5,0,0,3
,257,バシャーモ,ほのお,かくとう,80,120,70,110,70,80,もうか,,かそく,52,0,0,3
,258,ミズゴロウ,みず,,50,70,50,50,50,40,げきりゅう,,しめりけ,7.6,0,0,3
,259,ヌマクロー,みず,じめん,70,85,70,60,70,50,げきりゅう,,しめりけ,28.0,0,0,3
,260,ラグラージ,みず,じめん,100,110,90,85,90,60,げきりゅう,,しめりけ,81.9,0,0,3
,311,プラスル,でんき,,60,50,40,85,75,95,プラス,,ひらいしん,4.2,0,0,3
,312,マイナン,でんき,,60,40,50,75,85,95,マイナス,,ちくでん,4.2,0,0,3
,328,ナックラー,じめん,,45,100,45,45,45,10,かいりきバサミ,ありじごく,ちからずく,15,0,0,3
,329,ビブラーバ,じめん,ドラゴン,50,70,50,50,50,70,ふゆう,,,15.3,0,0,3
,330,フライゴン,じめん,ドラゴン,80,100,80,80,80,100,ふゆう,,,82,0,0,3
,374,ダンバル,はがね,エスパー,40,55,80,35,60,30,クリアボディ,,ライトメタル,95.2,0,0,3
,375,メタング,はがね,エスパー,60,75,100,55,80,55,クリアボディ,,ライトメタル,202.5,0,0,3
,376,メタグロス,はがね,エスパー,80,135,130,95,90,70,クリアボディ,,ライトメタル,550,0,0,3
,377,レジロック,いわ,,80,100,200,50,100,50,クリアボディ,,がんじょう,230,0,0,3
,378,レジアイス,こおり,,80,50,100,100,200,50,クリアボディ,,アイスボディ,175,0,0,3
,379,レジスチル,はがね,,80,75,150,75,150,50,クリアボディ,,ライトメタル,205,0,0,3
,380,ラティアス,ドラゴン,エスパー,80,80,90,110,130,110,ふゆう,,,40,0,0,3
,381,ラティオス,ドラゴン,エスパー,80,90,80,130,110,110,ふゆう,,,60,0,0,3
,386_1,デオキシス(ノーマル),エスパー,,50,150,50,150,50,150,プレッシャー,,,60.8,0,0,3
,386_2,デオキシス(アタック),エスパー,,50,180,20,180,20,150,プレッシャー,,,60.8,0,0,3
,386_3,デオキシス(ディフェンス),エスパー,,50,70,160,70,160,90,プレッシャー,,,60.8,0,0,3
,386_4,デオキシス(スピード),エスパー,,50,95,90,95,90,180,プレッシャー,,,60.8,0,0,3
,408,ズガイドス,いわ,,67,125,40,30,30,58,かたやぶり,,ちからずく,31.5,0,0,4
,409,ラムパルド,いわ,,97,165,60,65,50,58,かたやぶり,,ちからずく,102.5,0,0,4
,410,タテトプス,いわ,はがね,30,42,118,42,88,30,がんじょう,,ぼうおん,57,0,0,4
,411,トリデプス,いわ,はがね,60,52,168,47,138,30,がんじょう,,ぼうおん,149.5,0,0,4
,464,ドサイドン,じめん,いわ,115,140,130,55,55,40,ひらいしん,ハードロック,すてみ,282.8,0,0,4
,466,エレキブル,でんき,,75,123,67,95,85,95,でんきエンジン,,やるき,138.6,0,0,4
,467,ブーバーン,ほのお,,75,95,67,125,95,83,ほのおのからだ,,やるき,68,0,0,4
,474,ポリゴンZ,ノーマル,,85,80,70,135,75,90,トレース,ダウンロード,アナライズ,34,0,0,4
,486,レジギガス,ノーマル,,110,160,110,80,110,100,スロースタート,,,420,0,0,4
,495,ツタージャ,くさ,,45,45,55,45,55,63,しんりょく,,あまのじゃく,8.1,0,0,5
,496,ジャノビー,くさ,,60,60,75,60,75,83,しんりょく,,あまのじゃく,16,0,0,5
,497,ジャローダ,くさ,,75,75,95,75,95,113,しんりょく,,あまのじゃく,63,0,0,5
,498,ポカブ,ほのお,,65,63,45,45,45,45,もうか,,あついしぼう,9.9,0,0,5
,499,チャオブー,ほのお,かくとう,90,93,55,70,55,55,もうか,,あついしぼう,55.5,0,0,5
,500,エンブオー,ほのお,かくとう,110,123,65,100,65,65,もうか,,あついしぼう,150,0,0,5
,522,シママ,でんき,,45,60,32,50,32,76,ひらいしん,でんきエンジン,そうしょく,29.8,0,0,5
,523,ゼブライカ,でんき,,75,100,63,80,63,116,ひらいしん,でんきエンジン,そうしょく,79.5,0,0,5
,529,モグリュー,じめん,,60,85,40,30,45,68,すなかき,すなのちから,かたやぶり,8.5,0,0,5
,530,ドリュウズ,じめん,はがね,110,135,60,50,65,88,すなかき,すなのちから,かたやぶり,40.4,0,0,5
,546,モンメン,くさ,フェアリー,40,27,60,37,50,66,いたずらごころ,すりぬけ,ようりょくそ,0.6,0,0,5
,547,エルフーン,くさ,フェアリー,60,67,85,77,75,116,いたずらごころ,すりぬけ,ようりょくそ,6.6,0,0,5
,559,ズルッグ,あく,かくとう,50,75,70,35,70,48,だっぴ,じしんかじょう,いかく,11.8,0,0,5
,560,ズルズキン,あく,かくとう,65,90,115,45,115,58,だっぴ,じしんかじょう,いかく,30,0,0,5
,572,チラーミィ,ノーマル,,55,50,40,40,40,75,メロメロボディ,テクニシャン,スキルリンク,5.8,0,0,5
,573,チラチーノ,ノーマル,,75,95,60,65,60,115,メロメロボディ,テクニシャン,スキルリンク,7.5,0,0,5
,577,ユニラン,エスパー,,45,30,40,105,50,20,ぼうじん,マジックガード,さいせいりょく,1,0,0,5
,578,ダブラン,エスパー,,65,40,50,125,60,30,ぼうじん,マジックガード,さいせいりょく,8,0,0,5
,579,ランクルス,エスパー,,110,65,75,125,85,30,ぼうじん,マジックガード,さいせいりょく,20.1,0,0,5
,595,バチュル,むし,でんき,50,47,50,57,50,65,ふくがん,きんちょうかん,むしのしらせ,0.6,0,0,5
,596,デンチュラ,むし,でんき,70,77,60,97,60,108,ふくがん,きんちょうかん,むしのしらせ,14.3,0,0,5
,622,ゴビット,じめん,ゴースト,59,74,50,35,50,35,てつのこぶし,ぶきよう,ノーガード,92,0,0,5
,623,ゴルーグ,じめん,ゴースト,89,124,80,55,80,55,てつのこぶし,ぶきよう,ノーガード,330,0,0,5
,638,コバルオン,はがね,かくとう,91,90,129,90,72,108,せいぎのこころ,,,250,0,0,5
,639,テラキオン,いわ,かくとう,91,129,90,72,90,108,せいぎのこころ,,,260,0,0,5
,640,ビリジオン,くさ,かくとう,91,90,72,90,129,108,せいぎのこころ,,,200,0,0,5
,643,レシラム,ドラゴン,ほのお,100,120,100,150,120,90,ターボブレイズ,,,330,0,0,5
,644,ゼクロム,ドラゴン,でんき,100,150,120,120,100,90,テラボルテージ,,,345,0,0,5
,646_1,キュレム,ドラゴン,こおり,125,130,90,130,90,95,プレッシャー,,,325,0,0,5
,646_2,ホワイトキュレム,こおり,ほのお,125,120,90,170,100,95,ターボブレイズ,,,325,0,0,5
,646_3,ブラックキュレム,こおり,でんき,125,170,100,120,90,95,テラボルテージ,,,325,0,0,5
,647,ケルディオ,みず,かくとう,91,72,90,129,90,108,せいぎのこころ,,,48.5,0,0,5
,677,ニャスパー,エスパー,,92,48,54,63,60,68,するどいめ,すりぬけ,マイペース,3.5,0,0,6
,678_1,ニャオニクス♂,エスパー,,74,48,76,83,81,104,するどいめ,すりぬけ,いたずらごころ,8.5,0,0,6
,678_2,ニャオニクス♀,エスパー,,74,48,76,83,81,104,するどいめ,すりぬけ,かちき,8.5,0,0,6
,686,マーイーカ,あく,エスパー,53,54,53,37,46,45,あまのじゃく,きゅうばん,すりぬけ,3.5,0,0,6
,687,カラマネロ,あく,エスパー,86,92,88,68,75,73,あまのじゃく,きゅうばん,すりぬけ,47,0,0,6
,725,ニャビー,ほのお,,45,65,40,60,40,70,もうか,,いかく,4.3,0,0,7
,726,ニャヒート,ほのお,,65,85,50,80,50,90,もうか,,いかく,25,0,0,7
,727,ガオガエン,ほのお,あく,95,115,90,80,90,60,もうか,,いかく,83.0,0,0,7
,728,アシマリ,みず,,50,54,54,66,56,40,げきりゅう,,うるおいボイス,7.5,0,0,7
,729,オシャマリ,みず,,60,69,69,91,81,50,げきりゅう,,うるおいボイス,17.5,0,0,7
,730,アシレーヌ,みず,フェアリー,80,74,74,126,116,60,げきりゅう,,うるおいボイス,44.4,0,0,7
,731,ツツケラ,ノーマル,ひこう,35,75,30,30,30,65,するどいめ,スキルリンク,ものひろい,1.2,0,0,7
,732,ケケラッパ,ノーマル,ひこう,55,85,50,40,50,75,するどいめ,スキルリンク,ものひろい,14.8,0,0,7
,733,ドデカバシ,ノーマル,ひこう,80,120,75,75,75,60,するどいめ,スキルリンク,ちからずく,26,0,0,7
,751,シズクモ,みず,むし,38,40,52,40,72,27,すいほう,,ちょすい,4,0,0,7
,752,オニシズクモ,みず,むし,68,70,92,50,132,42,すいほう,,ちょすい,82,0,0,7
,764,キュワワー,フェアリー,,51,52,90,82,110,100,フラワーベール,ヒーリングシフト,しぜんかいふく,0.3,0,0,7
,774_1,メテノ(りゅうせい),いわ,ひこう,60,60,100,60,100,60,リミットシールド,,,40,0,0,7
,774_2,メテノ(コア),いわ,ひこう,60,100,60,100,60,120,リミットシールド,,,0.3,0,0,7
,789,コスモッグ,エスパー,,43,29,31,29,31,37,てんねん,,,0.1,0,0,7
,790,コスモウム,エスパー,,43,29,131,29,131,37,がんじょう,,,999.9,0,0,7
,791,ソルガレオ,エスパー,はがね,137,137,107,113,89,97,メタルプロテクト,,,230,0,0,7
,792,ルナアーラ,エスパー,ゴースト,137,113,89,137,107,97,ファントムガード,,,120,0,0,7
,800_1,ネクロズマ,エスパー,,97,107,101,127,89,79,プリズムアーマー,,,230,0,0,7
,800_2,ネクロズマ(日食),エスパー,はがね,97,157,127,113,109,77,プリズムアーマー,,,460,0,0,7
,800_3,ネクロズマ(月食),エスパー,ゴースト,97,113,109,157,127,77,プリズムアーマー,,,350,0,0,7
,868,マホミル,フェアリー,,45,40,40,50,61,34,スイートベール,,アロマベール,0.3,0,0,8
,869,マホイップ,フェアリー,,65,60,75,110,121,64,スイートベール,,アロマベール,0.5,0,0,8
,884,ジュラルドン,はがね,ドラゴン,70,95,115,120,50,85,ライトメタル,ヘヴィメタル,すじがねいり,40,0,0,8
,1018,ブリジュラス,はがね,ドラゴン,90,105,130,125,65,85,じきゅうりょく,がんじょう,すじがねいり,60,0,0,9
,1019,カミツオロチ,くさ,ドラゴン,106,80,110,120,80,44,かんろなミツ,さいせいりょく,ねんちゃく,93,0,0,9
,1020,ウガツホムラ,ほのお,ドラゴン,105,115,121,65,93,91,こだいかっせい,,,590,0,0,9
,1021,タケルライコ,でんき,ドラゴン,125,73,91,137,89,75,こだいかっせい,,,480,0,0,9
,1022,テツノイワオ,いわ,エスパー,90,120,80,68,108,124,クォークチャージ,,,162.5,0,0,9
,1023,テツノカシラ,はがね,エスパー,90,72,100,122,108,98,クォークチャージ,,,156,0,0,9
,1024_1,テラパゴス(ノーマル),ノーマル,,90,65,85,65,85,60,テラスチェンジ,,,6.5,0,0,9
,1024_2,テラパゴス(テラスタル),ノーマル,,95,95,110,105,110,85,テラスシェル,,,16,0,0,9
,1024_3,テラパゴス(ステラ),ノーマル,,160,105,110,130,110,85,ゼロフォーミング,,,77,0,0,9
